,sno,x,y,villdist,rugged,WP.numbers,WPDensity,LargeLS,SmallLS,LargeLSDensity,SmallLSDensity,Z.LargeLSDensity,Z.rugged,Z.SmallLSDensity,Z.villdist,Z.WPDensity
1,25,8696250,3736360,15891.61,62.12,86,0.25,0,0,0,0,-0.196790175,1.301163972,-0.232904202,0.432108825,0.097022695
2,26,8699250,3736360,13474.82,46.88,86,0.25,177,116,13.82,9.06,-0.042792475,0.491746827,-0.138280423,0.14601829,0.097022695
3,27,8702250,3736360,11209.47,29.45,86,0.25,177,116,6.15,4.03,-0.128260084,-0.433984198,-0.190814375,-0.122145347,0.097022695
4,28,8705250,3736360,9297.94,43.06,86,0.25,177,116,6.15,4.03,-0.128260084,0.288861427,-0.190814375,-0.348425099,0.097022695
5,29,8708250,3736360,8077.84,42.18,86,0.25,331,218,16.82,11.08,-0.009363162,0.24212343,-0.117183289,-0.492855961,0.097022695
6,58,8690250,3739360,19150,62.13,86,0.25,0,0,0,0,-0.196790175,1.301695085,-0.232904202,0.817824813,0.097022695
7,59,8693250,3739360,17021.93,60.3,86,0.25,0,0,0,0,-0.196790175,1.204501294,-0.232904202,0.565911868,0.097022695
8,61,8699250,3739360,11774.89,90.9,86,0.25,0,0,0,0,-0.196790175,2.829708947,-0.232904202,-0.055213048,0.097022695
9,62,8702250,3739360,9256.12,25.03,86,0.25,177,116,6.15,4.03,-0.128260084,-0.668736415,-0.190814375,-0.353375594,0.097022695
10,64,8708250,3739360,5229.25,49.4,86,0.25,177,116,22.13,14.5,0.049806721,0.625587457,-0.081464379,-0.830061361,0.097022695
11,65,8711250,3739360,4913.73,19.13,86,0.25,0,0,0,0,-0.196790175,-0.982093446,-0.232904202,-0.867411435,0.097022695
12,66,8714250,3739360,6240.54,17.01,117,0.23,0,0,0,0,-0.196790175,-1.094689531,-0.232904202,-0.710348644,0.009826128
13,90,8681250,3742360,25083.13,25.69,86,0.25,0,0,0,0,-0.196790175,-0.633682916,-0.232904202,1.520166489,0.097022695
14,91,8684250,3742360,22526.68,59.76,86,0.25,0,0,0,0,-0.196790175,1.175821159,-0.232904202,1.217543527,0.097022695
15,92,8687250,3742360,19861.39,65.35,86,0.25,0,0,0,0,-0.196790175,1.472713668,-0.232904202,0.902036493,0.097022695
16,93,8690250,3742360,17306.03,25.33,86,0.25,0,0,0,0,-0.196790175,-0.652803006,-0.232904202,0.59954256,0.097022695
17,94,8693250,3742360,14917.18,81.18,86,0.25,0,0,0,0,-0.196790175,2.313466516,-0.232904202,0.316759457,0.097022695
18,95,8696250,3742360,12788.51,52.52,86,0.25,0,0,0,0,-0.196790175,0.791294904,-0.232904202,0.064775486,0.097022695
19,96,8699250,3742360,10664.21,28.77,86,0.25,0,0,0,0,-0.196790175,-0.470099924,-0.232904202,-0.186691181,0.097022695
20,97,8702250,3742360,7794.42,49.13,86,0.25,177,116,11.63,7.62,-0.067195873,0.61124739,-0.153319964,-0.526406157,0.097022695
21,98,8705250,3742360,5077.45,34.18,86,0.25,177,116,11.63,7.62,-0.067195873,-0.18276746,-0.153319964,-0.848030876,0.097022695
22,99,8708250,3742360,2727.41,47.97,86,0.25,0,0,0,0,-0.196790175,0.549638211,-0.232904202,-1.126219797,0.097022695
23,100,8711250,3742360,2058.75,41.62,117,0.23,177,116,19.65,12.88,0.022171823,0.212381067,-0.098383862,-1.20537326,0.009826128
24,101,8714250,3742360,4363.27,8.48,117,0.23,331,218,148.29,97.67,1.45562075,-1.547729442,0.787173559,-0.932572826,0.009826128
25,102,8717250,3742360,7199.84,32.88,117,0.23,137,521,6.37,24.22,-0.125808601,-0.251812229,0.020052524,-0.596790308,0.009826128
26,123,8675250,3745360,26555.36,28.11,86,0.25,0,0,0,0,-0.196790175,-0.505153422,-0.232904202,1.694443555,0.097022695
27,124,8678250,3745360,24494.72,23.59,86,0.25,0,0,0,0,-0.196790175,-0.745216775,-0.232904202,1.45051272,0.097022695
28,125,8681250,3745360,22644.99,45.76,86,0.25,0,0,0,0,-0.196790175,0.432262103,-0.232904202,1.231548621,0.097022695
29,126,8684250,3745360,20841.3,57.24,86,0.25,0,0,0,0,-0.196790175,1.041980529,-0.232904202,1.018034563,0.097022695
30,127,8687250,3745360,18573.05,60.36,86,0.25,0,0,0,0,-0.196790175,1.207687976,-0.232904202,0.749527636,0.097022695
31,128,8690250,3745360,15820.07,36.81,86,0.25,0,0,0,0,-0.196790175,-0.04308458,-0.232904202,0.423640189,0.097022695
32,129,8693250,3745360,13164.28,49.01,86,0.25,0,0,0,0,-0.196790175,0.604874026,-0.232904202,0.109257729,0.097022695
33,130,8696250,3745360,10692.15,42.31,86,0.25,0,0,0,0,-0.196790175,0.249027907,-0.232904202,-0.183383748,0.097022695
34,131,8699250,3745360,8564.21,40.54,86,0.25,0,0,0,0,-0.196790175,0.155020797,-0.232904202,-0.435281304,0.097022695
35,132,8702250,3745360,7042.44,62.92,86,0.25,0,0,0,0,-0.196790175,1.343653061,-0.232904202,-0.61542273,0.097022695
36,133,8705250,3745360,4342.56,52.12,86,0.25,0,0,0,0,-0.196790175,0.77005036,-0.232904202,-0.935024398,0.097022695
37,134,8708250,3745360,1373.1,42.64,86,0.25,0,0,0,0,-0.196790175,0.266554656,-0.232904202,-1.286537935,0.097022695
38,135,8711250,3745360,1527.13,28.16,117,0.23,0,0,0,0,-0.196790175,-0.502497854,-0.232904202,-1.268304442,0.009826128
39,136,8714250,3745360,4139.05,49.33,117,0.23,0,0,0,0,-0.196790175,0.621869662,-0.232904202,-0.959115148,0.009826128
40,137,8717250,3745360,4722.23,91.36,117,0.23,137,521,6.37,24.22,-0.125808601,2.854140173,0.020052524,-0.890080487,0.009826128
41,138,8720250,3745360,3734.85,18.33,117,0.23,137,521,34.81,132.38,0.191101283,-1.024582535,1.149689164,-1.006962828,0.009826128
42,158,8675250,3748360,24393.47,9.28,169,0.29,0,0,0,0,-0.196790175,-1.505240353,-0.232904202,1.438527125,0.271415828
43,159,8678250,3748360,22313.2,39.71,169,0.29,0,0,0,0,-0.196790175,0.110938367,-0.232904202,1.192272565,0.271415828
44,160,8681250,3748360,20265.31,30.29,169,0.29,0,0,0,0,-0.196790175,-0.389370655,-0.232904202,0.949851027,0.271415828
45,161,8684250,3748360,18479.36,13.82,169,0.29,0,0,0,0,-0.196790175,-1.264114774,-0.232904202,0.738436965,0.271415828
46,162,8687250,3748360,16599.89,40.01,169,0.29,0,0,0,0,-0.196790175,0.126871776,-0.232904202,0.515952355,0.271415828
47,163,8690250,3748360,14420.98,19.13,169,0.29,0,0,0,0,-0.196790175,-0.982093446,-0.232904202,0.258021162,0.271415828
48,164,8693250,3748360,11919.5,31.88,169,0.29,0,0,0,0,-0.196790175,-0.304923591,-0.232904202,-0.038094659,0.271415828
49,165,8696250,3748360,9115.82,46.99,169,0.29,0,0,0,0,-0.196790175,0.497589077,-0.232904202,-0.369983782,0.271415828
50,166,8699250,3748360,6490.13,35.22,169,0.29,177,116,11.98,7.85,-0.063295787,-0.127531644,-0.150917815,-0.680803116,0.271415828
51,167,8702250,3748360,4375.56,37.94,169,0.29,177,116,11.98,7.85,-0.063295787,0.016931258,-0.150917815,-0.931117982,0.271415828
52,168,8705250,3748360,3067.29,44.24,169,0.29,34,66,5.27,10.23,-0.138066016,0.351532834,-0.126060796,-1.085986077,0.271415828
53,169,8708250,3748360,3600.38,14.07,117,0.23,198,524,112.37,297.39,1.055360446,-1.250836933,2.873074353,-1.022880883,0.009826128
54,170,8711250,3748360,3740.36,15.82,117,0.23,198,524,54.84,145.12,0.41429766,-1.157892051,1.282747326,-1.006310575,0.009826128
55,171,8714250,3748360,5746.12,63.77,117,0.23,0,0,0,0,-0.196790175,1.388797718,-0.232904202,-0.768876229,0.009826128
56,172,8717250,3748360,2983.26,24.3,117,0.23,137,521,7.94,30.21,-0.108313928,-0.707507708,0.082612837,-1.095933234,0.009826128
57,173,8720250,3748360,741.23,22.93,117,0.23,28,0,11.32,0,-0.070650235,-0.780270273,-0.232904202,-1.361336336,0.009826128
58,174,8723250,3748360,1680.04,34.01,117,0.23,115,0,9.25,0,-0.093716461,-0.191796391,-0.232904202,-1.250203529,0.009826128
59,191,8669250,3751360,26847.41,48.67,15,0.01,0,0,0,0,-0.196790175,0.586816164,-0.232904202,1.729015339,-0.949336105
60,192,8672250,3751360,24455.17,43.57,169,0.29,0,0,0,0,-0.196790175,0.315948222,-0.232904202,1.44583094,0.271415828
61,193,8675250,3751360,22210.97,23.93,169,0.29,0,0,0,0,-0.196790175,-0.727158912,-0.232904202,1.180170961,0.271415828
62,194,8678250,3751360,20164.3,84.1,169,0.29,0,0,0,0,-0.196790175,2.46855169,-0.232904202,0.937893843,0.271415828
63,195,8681250,3751360,18071.25,41.89,169,0.29,0,0,0,0,-0.196790175,0.226721135,-0.232904202,0.690126434,0.271415828
64,196,8684250,3751360,16042.88,34.91,169,0.29,0,0,0,0,-0.196790175,-0.143996166,-0.232904202,0.450015601,0.271415828
65,197,8687250,3751360,14358.9,35.13,169,0.29,0,0,0,0,-0.196790175,-0.132311667,-0.232904202,0.250672364,0.271415828
66,198,8690250,3751360,12359.31,24.58,169,0.29,0,0,0,0,-0.196790175,-0.692636527,-0.232904202,0.0139684,0.271415828
67,199,8693250,3751360,10342.68,49.75,169,0.29,0,0,0,0,-0.196790175,0.644176434,-0.232904202,-0.224752696,0.271415828
68,200,8696250,3751360,7759.45,36.88,169,0.29,0,0,0,0,-0.196790175,-0.039366785,-0.232904202,-0.530545775,0.271415828
69,201,8699250,3751360,5375.68,53.13,169,0.29,0,0,0,0,-0.196790175,0.823692835,-0.232904202,-0.812727527,0.271415828
70,202,8702250,3751360,2433.44,59.21,169,0.29,34,66,5.09,9.88,-0.140071775,1.146609911,-0.12971624,-1.161018863,0.271415828
71,203,8705250,3751360,715.41,11.85,117,0.23,0,0,0,0,-0.196790175,-1.368744155,-0.232904202,-1.364392811,0.009826128
72,204,8708250,3751360,1764.33,14.06,117,0.23,198,524,44.42,117.56,0.298186514,-1.251368047,0.99490722,-1.240225595,0.009826128
73,205,8711250,3751360,4523.46,26.23,117,0.23,198,524,44.37,117.42,0.297629359,-0.605002781,0.993445043,-0.913610134,0.009826128
74,206,8714250,3751360,6312.73,30.46,117,0.23,137,521,7.94,30.21,-0.108313928,-0.380341723,0.082612837,-0.701803062,0.009826128
75,207,8717250,3751360,3674.26,46.42,117,0.23,0,0,0,0,-0.196790175,0.467315601,-0.232904202,-1.014135245,0.009826128
76,208,8720250,3751360,1616.74,39.31,117,0.23,13,0,0.6,0,-0.190104313,0.089693823,-0.232904202,-1.257696746,0.009826128
77,209,8723250,3751360,1370.44,47.92,117,0.23,115,0,9.25,0,-0.093716461,0.546982643,-0.232904202,-1.286852816,0.009826128
78,225,8666250,3754360,27636.02,24.04,15,0.01,0,0,0,0,-0.196790175,-0.721316662,-0.232904202,1.822368033,-0.949336105
79,226,8669250,3754360,25222.12,30.84,15,0.01,0,0,0,0,-0.196790175,-0.360159406,-0.232904202,1.536619604,-0.949336105
80,228,8675250,3754360,20238.9,11.91,169,0.29,0,0,0,0,-0.196790175,-1.365557473,-0.232904202,0.946724711,0.271415828
81,229,8678250,3754360,17969,39.43,169,0.29,0,0,0,0,-0.196790175,0.096067186,-0.232904202,0.678022462,0.271415828
82,230,8681250,3754360,15942.3,20.66,169,0.29,0,0,0,0,-0.196790175,-0.900833063,-0.232904202,0.438109318,0.271415828
83,232,8687250,3754360,11834.93,92.05,169,0.29,0,0,0,0,-0.196790175,2.890787012,-0.232904202,-0.048105738,0.271415828
84,233,8690250,3754360,10337.77,35.35,169,0.29,0,0,0,0,-0.196790175,-0.120627167,-0.232904202,-0.225333924,0.271415828
85,234,8693250,3754360,8120.9,50.09,169,0.29,0,0,0,0,-0.196790175,0.662234297,-0.232904202,-0.48775868,0.271415828
86,235,8696250,3754360,6216.92,40.89,169,0.29,0,0,0,0,-0.196790175,0.173609774,-0.232904202,-0.713144691,0.271415828
87,236,8699250,3754360,3635.32,69.91,169,0.29,198,524,14.61,38.66,-0.033989422,1.714901475,0.170865699,-1.018744816,0.271415828
88,237,8702250,3754360,1566.34,34.97,169,0.29,198,524,14.61,38.66,-0.033989422,-0.140809485,0.170865699,-1.263662909,0.271415828
89,238,8705250,3754360,1174.5,26.96,117,0.23,198,524,32.23,85.28,0.162352074,-0.566231488,0.657770841,-1.310047458,0.009826128
90,239,8708250,3754360,2367.34,10.48,117,0.23,198,524,74.9,198.22,0.637828331,-1.44150672,1.837330403,-1.168843533,0.009826128
91,240,8711250,3754360,4790.94,48.46,117,0.23,0,0,0,0,-0.196790175,0.575662778,-0.232904202,-0.881946855,0.009826128
92,242,8717250,3754360,5697.48,41.63,117,0.23,13,0,0.6,0,-0.190104313,0.212912181,-0.232904202,-0.77463405,0.009826128
93,243,8720250,3754360,3752.26,24.63,117,0.23,115,0,5.8,0,-0.132160171,-0.689980959,-0.232904202,-1.004901898,0.009826128
94,244,8723250,3754360,2761.49,65.79,117,0.23,115,0,5.8,0,-0.132160171,1.496082667,-0.232904202,-1.122185534,0.009826128
95,261,8669250,3757360,23476.58,24.12,15,0.01,0,0,0,0,-0.196790175,-0.717067753,-0.232904202,1.329989126,-0.949336105
96,264,8678250,3757360,16036.55,36.62,169,0.29,0,0,0,0,-0.196790175,-0.053175739,-0.232904202,0.449266279,0.271415828
97,265,8681250,3757360,13727.44,35.01,169,0.29,0,0,0,0,-0.196790175,-0.13868503,-0.232904202,0.175922498,0.271415828
98,266,8684250,3757360,11735.19,39.08,169,0.29,0,0,0,0,-0.196790175,0.07747821,-0.232904202,-0.059912585,0.271415828
99,267,8687250,3757360,9589.2,71.8,169,0.29,0,0,0,0,-0.196790175,1.815281948,-0.232904202,-0.313946833,0.271415828
100,268,8690250,3757360,7665.3,69.46,169,0.29,0,0,0,0,-0.196790175,1.691001363,-0.232904202,-0.541690899,0.271415828
101,269,8693250,3757360,6268.03,50.83,169,0.29,0,0,0,0,-0.196790175,0.701536704,-0.232904202,-0.707094481,0.271415828
102,270,8696250,3757360,3891.72,46.82,169,0.29,70,0,8.96,0,-0.096947961,0.488560145,-0.232904202,-0.988393146,0.271415828
103,271,8699250,3757360,2417.95,43.53,169,0.29,70,0,13.4,0,-0.047472579,0.313823767,-0.232904202,-1.162852511,0.271415828
104,272,8702250,3757360,1490.65,54.25,940,0.58,5,23,1.61,7.41,-0.178849777,0.883177559,-0.15551323,-1.272622807,1.535766044
105,273,8705250,3757360,1035.47,20.32,117,0.23,48,122,8.47,21.53,-0.102408082,-0.918890926,-0.008042175,-1.326505308,0.009826128
106,274,8708250,3757360,2478.63,65.19,117,0.23,0,0,0,0,-0.196790175,1.46421585,-0.232904202,-1.15566944,0.009826128
107,275,8711250,3757360,3334.15,43.75,117,0.23,0,0,0,0,-0.196790175,0.325508267,-0.232904202,-1.054396191,0.009826128
108,276,8714250,3757360,5838.62,42.13,117,0.23,0,0,0,0,-0.196790175,0.239467862,-0.232904202,-0.757926426,0.009826128
109,277,8717250,3757360,7500.25,42.85,117,0.23,0,0,0,0,-0.196790175,0.277708042,-0.232904202,-0.561228899,0.009826128
110,278,8720250,3757360,6598.87,43.37,117,0.23,115,0,5.8,0,-0.132160171,0.305325949,-0.232904202,-0.667930882,0.009826128
111,279,8723250,3757360,5020.52,43.84,117,0.23,115,0,5.14,0,-0.139514619,0.330288289,-0.232904202,-0.854770036,0.009826128
112,296,8669250,3760360,21453.55,43.26,15,0.01,0,0,0,0,-0.196790175,0.2994837,-0.232904202,1.090510422,-0.949336105
113,297,8672250,3760360,19252.76,64.65,15,0.01,0,0,0,0,-0.196790175,1.435535715,-0.232904202,0.829989156,-0.949336105
114,298,8675250,3760360,16821.3,56.25,169,0.29,0,0,0,0,-0.196790175,0.989400281,-0.232904202,0.542162041,0.271415828
115,300,8681250,3760360,11862.91,35.1,169,0.29,0,0,0,0,-0.196790175,-0.133905008,-0.232904202,-0.044793571,0.271415828
116,301,8684250,3760360,9486.86,52.27,169,0.29,0,0,0,0,-0.196790175,0.778017064,-0.232904202,-0.326061458,0.271415828
117,302,8687250,3760360,7567.85,45.2,169,0.29,0,0,0,0,-0.196790175,0.40251974,-0.232904202,-0.553226664,0.271415828
118,303,8690250,3760360,5352.02,82.31,169,0.29,0,0,0,0,-0.196790175,2.373482354,-0.232904202,-0.815528309,0.271415828
119,304,8693250,3760360,3667.18,26.36,169,0.29,0,0,0,0,-0.196790175,-0.598098304,-0.232904202,-1.014973349,0.271415828
120,305,8696250,3760360,2036.95,38.71,169,0.29,106,236,7.13,15.86,-0.117339842,0.057827006,-0.067260368,-1.207953862,0.271415828
121,306,8699250,3760360,584.69,15.59,940,0.58,70,0,56.18,0,0.42922942,-1.170107664,-0.232904202,-1.379866954,1.535766044
122,307,8702250,3760360,2581.44,17.85,940,0.58,219,200,182.88,167.01,1.841060725,-1.050075988,1.511369238,-1.143499178,1.535766044
123,308,8705250,3760360,813.26,38.51,940,0.58,17,91,7.57,40.51,-0.112436876,0.047204734,0.190187332,-1.352809695,1.535766044
124,309,8708250,3760360,909.63,7.15,117,0.23,0,0,0,0,-0.196790175,-1.618367553,-0.232904202,-1.341401776,0.009826128
125,310,8711250,3760360,2408.4,34.29,117,0.23,387,354,80.61,73.73,0.701455456,-0.17692521,0.537141189,-1.163983004,0.009826128
126,311,8714250,3760360,4065.72,21.56,117,0.23,387,354,13,11.89,-0.05192982,-0.853032838,-0.108723547,-0.967795679,0.009826128
127,312,8717250,3760360,4794.97,51.31,117,0.23,387,354,13,11.89,-0.05192982,0.727030157,-0.108723547,-0.881469799,0.009826128
128,314,8723250,3760360,7796.51,33.71,117,0.23,115,0,5.14,0,-0.139514619,-0.2077298,-0.232904202,-0.526158751,0.009826128
129,330,8666250,3763360,21498.79,13.85,15,0.01,0,0,0,0,-0.196790175,-1.262521433,-0.232904202,1.095865764,-0.949336105
130,331,8669250,3763360,19586.72,37.21,15,0.01,0,0,0,0,-0.196790175,-0.021840035,-0.232904202,0.869522088,-0.949336105
131,332,8672250,3763360,17230.91,45.74,15,0.01,0,0,0,0,-0.196790175,0.431199875,-0.232904202,0.590650136,-0.949336105
132,333,8675250,3763360,15010.61,28.85,15,0.01,0,0,0,0,-0.196790175,-0.465851015,-0.232904202,0.32781935,-0.949336105
133,334,8678250,3763360,12663.2,41.83,169,0.29,0,0,0,0,-0.196790175,0.223534453,-0.232904202,0.049941758,0.271415828
134,335,8681250,3763360,10235.35,36.27,169,0.29,0,0,0,0,-0.196790175,-0.071764715,-0.232904202,-0.237458019,0.271415828
135,336,8684250,3763360,7764.43,58.97,169,0.29,0,0,0,0,-0.196790175,1.133863184,-0.232904202,-0.529956261,0.271415828
136,337,8687250,3763360,5249.6,56.81,169,0.29,0,0,0,0,-0.196790175,1.019142644,-0.232904202,-0.827652404,0.271415828
137,338,8690250,3763360,3581.93,39.71,169,0.29,90,0,16.47,0,-0.013263249,0.110938367,-0.232904202,-1.025064924,0.271415828
138,339,8693250,3763360,1155.65,45.4,169,0.29,106,236,7.13,15.86,-0.117339842,0.413142013,-0.067260368,-1.312278851,0.271415828
139,340,8696250,3763360,1860.7,29.61,940,0.58,106,236,42.87,95.45,0.280914703,-0.42548638,0.7639876,-1.228817676,1.535766044
140,341,8699250,3763360,2238.34,14.75,940,0.58,219,200,74.58,68.11,0.634262538,-1.214721208,0.478445202,-1.184114069,1.535766044
141,342,8702250,3763360,723.44,28.86,940,0.58,0,0,0,0,-0.196790175,-0.465319901,-0.232904202,-1.36344225,1.535766044
142,343,8705250,3763360,2501.56,50.69,940,0.58,0,0,0,0,-0.196790175,0.694101113,-0.232904202,-1.152955073,1.535766044
143,344,8708250,3763360,3675.76,42.05,940,0.58,0,0,0,0,-0.196790175,0.235218953,-0.232904202,-1.013957681,1.535766044
144,345,8711250,3763360,3578.62,25.63,940,0.58,387,354,18.89,17.28,0.013703064,-0.636869598,-0.052429709,-1.02545675,1.535766044
145,346,8714250,3763360,1126.14,45.97,117,0.23,387,354,13,11.89,-0.05192982,0.443415488,-0.108723547,-1.315772134,0.009826128
146,347,8717250,3763360,2780.26,33.07,117,0.23,387,354,13,11.89,-0.05192982,-0.241721071,-0.108723547,-1.119963612,0.009826128
147,348,8720250,3763360,5673.76,29.08,117,0.23,387,354,16,14.64,-0.018500508,-0.453635402,-0.080002201,-0.777441935,0.009826128
148,367,8672250,3766360,15345.05,41.78,15,0.01,0,0,0,0,-0.196790175,0.220878885,-0.232904202,0.367409103,-0.949336105
149,368,8675250,3766360,13021.28,75.05,15,0.01,0,0,0,0,-0.196790175,1.987893872,-0.232904202,0.092329925,-0.949336105
150,369,8678250,3766360,10768.83,42.25,169,0.29,0,0,0,0,-0.196790175,0.245841225,-0.232904202,-0.174306657,0.271415828
151,370,8681250,3766360,8588.19,10.09,169,0.29,0,0,0,0,-0.196790175,-1.462220151,-0.232904202,-0.432442642,0.271415828
152,371,8684250,3766360,6013.56,23.79,169,0.29,0,0,0,0,-0.196790175,-0.734594503,-0.232904202,-0.737217685,0.271415828
153,372,8687250,3766360,3980.47,33.55,169,0.29,90,0,22.21,0,0.05069817,-0.216227617,-0.232904202,-0.977887254,0.271415828
154,373,8690250,3766360,1056.43,16.44,169,0.29,90,0,32.69,0,0.167477902,-1.124963007,-0.232904202,-1.324024142,0.271415828
155,374,8693250,3766360,2094.75,29.63,940,0.58,30,1,15.57,0.52,-0.023292042,-0.424424153,-0.227473256,-1.201111715,1.535766044
156,375,8696250,3766360,3166.53,17.12,940,0.58,30,1,6.73,0.22,-0.121797084,-1.088847282,-0.230606494,-1.074238418,1.535766044
157,376,8699250,3766360,4724.74,28.17,940,0.58,219,200,123.34,112.64,1.1776003,-0.501966741,0.943522122,-0.889783363,1.535766044
158,377,8702250,3766360,3518.93,22.76,940,0.58,219,200,198.39,181.18,2.013890272,-0.789299205,1.6593625,-1.032522628,1.535766044
159,378,8705250,3766360,4256.45,23.25,940,0.58,0,0,0,0,-0.196790175,-0.763274638,-0.232904202,-0.945217777,1.535766044
160,379,8708250,3766360,6469.29,34.4,940,0.58,0,0,0,0,-0.196790175,-0.17108296,-0.232904202,-0.683270077,1.535766044
161,380,8711250,3766360,3942.66,63.41,940,0.58,0,0,0,0,-0.196790175,1.369677628,-0.232904202,-0.98236306,1.535766044
162,381,8714250,3766360,2001.57,43.36,940,0.58,0,0,0,0,-0.196790175,0.304794836,-0.232904202,-1.212142014,1.535766044
163,382,8717250,3766360,3235.42,32.38,117,0.23,387,354,13,11.89,-0.05192982,-0.27836791,-0.108723547,-1.066083479,0.009826128
164,383,8720250,3766360,5910.13,45.22,117,0.23,387,354,16,14.64,-0.018500508,0.403581968,-0.080002201,-0.74946134,0.009826128
165,400,8666250,3769360,16916.27,6.8,15,0.01,0,0,0,0,-0.196790175,-1.636956529,-0.232904202,0.553404233,-0.949336105
166,402,8672250,3769360,13236.42,32.83,15,0.01,0,0,0,0,-0.196790175,-0.254467797,-0.232904202,0.117797392,-0.949336105
167,403,8675250,3769360,11104.13,42.28,15,0.01,0,0,0,0,-0.196790175,0.247434566,-0.232904202,-0.134615101,-0.949336105
168,404,8678250,3769360,8843.26,63.26,15,0.01,0,0,0,0,-0.196790175,1.361710923,-0.232904202,-0.402248412,-0.949336105
169,405,8681250,3769360,6528.18,45.79,169,0.29,194,0,77.75,0,0.669586178,0.433855443,-0.232904202,-0.6762989,0.271415828
170,406,8684250,3769360,4812.22,79.87,169,0.29,194,0,43.65,0,0.289606324,2.243890633,-0.232904202,-0.879427808,0.271415828
171,407,8687250,3769360,1887.68,55.79,169,0.29,0,0,0,0,-0.196790175,0.964969055,-0.232904202,-1.225623885,0.271415828
172,408,8690250,3769360,1012.95,7.62,940,0.58,0,0,0,0,-0.196790175,-1.593405213,-0.232904202,-1.329171142,1.535766044
173,409,8693250,3769360,2204.32,20.78,940,0.58,0,0,0,0,-0.196790175,-0.8944597,-0.232904202,-1.188141229,1.535766044
174,410,8696250,3769360,1988.46,15.78,940,0.58,49,73,9.95,14.82,-0.085916288,-1.160016506,-0.078122258,-1.213693926,1.535766044
175,411,8699250,3769360,4375.02,8.41,940,0.58,219,200,80.05,73.1,0.695215318,-1.551447238,0.53056139,-0.931181905,1.535766044
176,412,8702250,3769360,6499.42,16.45,940,0.58,0,0,0,0,-0.196790175,-1.124431894,-0.232904202,-0.6797034,1.535766044
177,413,8705250,3769360,6926.53,18.93,940,0.58,0,0,0,0,-0.196790175,-0.992715718,-0.232904202,-0.629143721,1.535766044
178,415,8711250,3769360,6023.51,101.27,940,0.58,0,0,0,0,-0.196790175,3.380473762,-0.232904202,-0.736039841,1.535766044
179,416,8714250,3769360,4974.37,57.98,940,0.58,0,0,0,0,-0.196790175,1.081282936,-0.232904202,-0.8602331,1.535766044
180,417,8717250,3769360,5586.24,31.52,117,0.23,387,354,16,14.64,-0.018500508,-0.324043681,-0.080002201,-0.787802224,0.009826128
181,418,8720250,3769360,7461.08,27.47,117,0.23,387,354,5.85,5.35,-0.131603015,-0.539144693,-0.177028129,-0.565865696,0.009826128
182,419,8723250,3769360,9906.03,54.05,117,0.23,387,354,5.85,5.35,-0.131603015,0.872555287,-0.177028129,-0.276441685,0.009826128
183,431,8654250,3772360,23711.59,16.5,15,0.01,0,0,0,0,-0.196790175,-1.121776326,-0.232904202,1.357808728,-0.949336105
184,432,8657250,3772360,21184.84,12.84,15,0.01,0,0,0,0,-0.196790175,-1.316163908,-0.232904202,1.05870154,-0.949336105
185,434,8663250,3772360,16610.62,27.51,15,0.01,0,0,0,0,-0.196790175,-0.537020239,-0.232904202,0.517222533,-0.949336105
186,435,8666250,3772360,14712.94,23.09,15,0.01,0,0,0,0,-0.196790175,-0.771772455,-0.232904202,0.292582292,-0.949336105
187,438,8675250,3772360,9051.33,32.6,15,0.01,0,0,0,0,-0.196790175,-0.266683411,-0.232904202,-0.377617866,-0.949336105
188,439,8678250,3772360,6865.34,104.15,15,0.01,0,0,0,0,-0.196790175,3.533434482,-0.232904202,-0.636387163,-0.949336105
189,440,8681250,3772360,4780.44,39.82,15,0.01,0,0,0,0,-0.196790175,0.116780617,-0.232904202,-0.883189806,-0.949336105
190,441,8684250,3772360,2294.9,34.38,15,0.01,194,0,26.7,0,0.100730708,-0.172145188,-0.232904202,-1.177418709,-0.949336105
191,442,8687250,3772360,2383.38,14.75,169,0.29,0,0,0,0,-0.196790175,-1.214721208,-0.232904202,-1.166944778,0.271415828
192,443,8690250,3772360,2612.67,26.52,940,0.58,30,1,7.68,0.26,-0.111211135,-0.589600487,-0.230188729,-1.139802288,1.535766044
193,444,8693250,3772360,998.87,38.12,940,0.58,160,331,349.87,723.8,3.7018477,0.026491303,7.32655401,-1.330837879,1.535766044
194,445,8696250,3772360,1659.13,10.52,940,0.58,49,73,15.64,23.31,-0.022512025,-1.439382266,0.010548369,-1.252678777,1.535766044
195,446,8699250,3772360,4235.51,21.56,940,0.58,49,73,4.74,7.06,-0.143971861,-0.853032838,-0.159168674,-0.947696575,1.535766044
196,447,8702250,3772360,7150.27,22.97,940,0.58,0,0,0,0,-0.196790175,-0.778145819,-0.232904202,-0.602658219,1.535766044
197,448,8705250,3772360,9789.61,60.2,940,0.58,0,0,0,0,-0.196790175,1.199190158,-0.232904202,-0.290223048,1.535766044
198,451,8714250,3772360,7967.59,40.57,940,0.58,0,0,0,0,-0.196790175,0.156614138,-0.232904202,-0.505906942,1.535766044
199,452,8717250,3772360,8363.26,51.45,940,0.58,0,0,0,0,-0.196790175,0.734465748,-0.232904202,-0.459069012,1.535766044
200,453,8720250,3772360,9716.26,24.53,117,0.23,387,354,5.85,5.35,-0.131603015,-0.695292095,-0.177028129,-0.298905946,0.009826128
201,454,8723250,3772360,11699.04,40.15,117,0.23,387,354,5.85,5.35,-0.131603015,0.134307366,-0.177028129,-0.064191887,0.009826128
202,461,8639250,3775360,27999.3,50.36,15,0.01,0,0,0,0,-0.196790175,0.676574364,-0.232904202,1.865371757,-0.949336105
203,462,8642250,3775360,26388.04,89.99,15,0.01,0,0,0,0,-0.196790175,2.781377608,-0.232904202,1.674636841,-0.949336105
204,463,8645250,3775360,25033.9,20.29,15,0.01,0,0,0,0,-0.196790175,-0.920484267,-0.232904202,1.514338827,-0.949336105
205,466,8654250,3775360,22333.67,33.81,15,0.01,0,0,0,0,-0.196790175,-0.202418664,-0.232904202,1.194695727,-0.949336105
206,467,8657250,3775360,19630.35,34.24,15,0.01,0,0,0,0,-0.196790175,-0.179580778,-0.232904202,0.874686844,-0.949336105
207,469,8663250,3775360,14576.22,73.76,15,0.01,0,0,0,0,-0.196790175,1.919380216,-0.232904202,0.276397891,-0.949336105
208,470,8666250,3775360,12370.28,24.02,15,0.01,0,0,0,0,-0.196790175,-0.72237889,-0.232904202,0.015266987,-0.949336105
209,471,8669250,3775360,10563.22,50.71,15,0.01,0,0,0,0,-0.196790175,0.69516334,-0.232904202,-0.198645998,-0.949336105
210,472,8672250,3775360,8435.93,44.72,15,0.01,0,0,0,0,-0.196790175,0.377026287,-0.232904202,-0.45046661,-0.949336105
211,473,8675250,3775360,6533.48,26.22,15,0.01,0,0,0,0,-0.196790175,-0.605533895,-0.232904202,-0.675671505,-0.949336105
212,474,8678250,3775360,4952.67,27.79,15,0.01,0,0,0,0,-0.196790175,-0.522149058,-0.232904202,-0.862801864,-0.949336105
213,475,8681250,3775360,2638.94,73.08,15,0.01,0,0,0,0,-0.196790175,1.88326449,-0.232904202,-1.136692544,-0.949336105
214,476,8684250,3775360,1871.36,25.59,15,0.01,0,0,0,0,-0.196790175,-0.638994052,-0.232904202,-1.227555785,-0.949336105
215,477,8687250,3775360,1978.88,39.34,940,0.58,194,0,153.43,0,1.512896306,0.091287164,-0.232904202,-1.214827971,1.535766044
216,478,8690250,3775360,2577.8,39.51,940,0.58,180,435,71.96,173.9,0.605067605,0.100316095,1.583329265,-1.143930068,1.535766044
217,479,8693250,3775360,2440.54,9.54,940,0.58,0,0,0,0,-0.196790175,-1.491431399,-0.232904202,-1.160178392,1.535766044
218,480,8696250,3775360,3250.76,32.2,940,0.58,180,435,54.01,130.52,0.405048884,-0.287927955,1.13026309,-1.064267587,1.535766044
219,481,8699250,3775360,5737.1,23.53,940,0.58,0,0,0,0,-0.196790175,-0.748403456,-0.232904202,-0.769943983,1.535766044
220,482,8702250,3775360,8241.67,20.7,940,0.58,0,0,0,0,-0.196790175,-0.898708609,-0.232904202,-0.47346238,1.535766044
221,485,8711250,3775360,11478.63,47.55,940,0.58,0,0,0,0,-0.196790175,0.527331439,-0.232904202,-0.090283196,1.535766044
222,486,8714250,3775360,10964.51,26.89,940,0.58,0,0,0,0,-0.196790175,-0.569949283,-0.232904202,-0.151142793,1.535766044
223,487,8717250,3775360,11255.32,40.24,940,0.58,387,354,5.98,5.47,-0.130154412,0.139087389,-0.175774834,-0.116717796,1.535766044
224,488,8720250,3775360,12294.06,63.94,117,0.23,0,0,0,0,-0.196790175,1.397826649,-0.232904202,0.006244349,0.009826128
225,489,8723250,3775360,13914.22,65.77,117,0.23,387,354,5.85,5.35,-0.131603015,1.49502044,-0.177028129,0.198032814,0.009826128
226,494,8633250,3778360,29745.63,46.41,15,0.01,0,0,0,0,-0.196790175,0.466784487,-0.232904202,2.072095752,-0.949336105
227,495,8636250,3778360,27589.32,57.82,15,0.01,0,0,0,0,-0.196790175,1.072785119,-0.232904202,1.816839862,-0.949336105
228,496,8639250,3778360,25603.49,19.05,15,0.01,0,0,0,0,-0.196790175,-0.986342355,-0.232904202,1.581764755,-0.949336105
229,497,8642250,3778360,23830.79,21.32,15,0.01,0,0,0,0,-0.196790175,-0.865779565,-0.232904202,1.371919177,-0.949336105
230,499,8648250,3778360,21133.91,52.48,15,0.01,0,0,0,0,-0.196790175,0.78917045,-0.232904202,1.052672638,-0.949336105
231,502,8657250,3778360,18436.48,35.22,15,0.01,0,0,0,0,-0.196790175,-0.127531644,-0.232904202,0.733360991,-0.949336105
232,503,8660250,3778360,15635.27,51.91,15,0.01,0,0,0,0,-0.196790175,0.758896974,-0.232904202,0.401764258,-0.949336105
233,505,8666250,3778360,10371.94,52.6,15,0.01,0,0,0,0,-0.196790175,0.795543813,-0.232904202,-0.221289007,-0.949336105
234,506,8669250,3778360,8132.34,28.15,15,0.01,0,0,0,0,-0.196790175,-0.503028968,-0.232904202,-0.486404455,-0.949336105
235,507,8672250,3778360,6533.97,47.07,15,0.01,0,0,0,0,-0.196790175,0.501837986,-0.232904202,-0.675613501,-0.949336105
236,508,8675250,3778360,4203.26,31.33,15,0.01,0,0,0,0,-0.196790175,-0.334134839,-0.232904202,-0.951514209,-0.949336105
237,509,8678250,3778360,2552.88,51.18,15,0.01,0,0,0,0,-0.196790175,0.72012568,-0.232904202,-1.146880004,-0.949336105
238,510,8681250,3778360,1769.59,40.84,15,0.01,0,0,0,0,-0.196790175,0.170954206,-0.232904202,-1.239602936,-0.949336105
239,511,8684250,3778360,251.72,23.11,940,0.58,0,0,0,0,-0.196790175,-0.770710228,-0.232904202,-1.419282694,1.535766044
240,512,8687250,3778360,1813.12,29.73,940,0.58,0,0,0,0,-0.196790175,-0.419113017,-0.232904202,-1.234450018,1.535766044
241,513,8690250,3778360,1507.21,64.94,940,0.58,0,0,0,0,-0.196790175,1.45093801,-0.232904202,-1.270662497,1.535766044
242,514,8693250,3778360,1702.99,12.78,940,0.58,0,0,0,0,-0.196790175,-1.319350589,-0.232904202,-1.247486794,1.535766044
243,515,8696250,3778360,4495.7,44.6,940,0.58,0,0,0,0,-0.196790175,0.370652924,-0.232904202,-0.916896259,1.535766044
244,516,8699250,3778360,7451.34,23.71,940,0.58,0,0,0,0,-0.196790175,-0.738843411,-0.232904202,-0.567018681,1.535766044
245,520,8711250,3778360,14370,18.44,940,0.58,0,0,0,0,-0.196790175,-1.018740285,-0.232904202,0.251986341,1.535766044
246,521,8714250,3778360,13962.76,47.95,940,0.58,0,0,0,0,-0.196790175,0.548575984,-0.232904202,0.203778797,1.535766044
247,522,8717250,3778360,14192.26,23.67,940,0.58,0,0,0,0,-0.196790175,-0.740967866,-0.232904202,0.230946146,1.535766044
248,523,8720250,3778360,15029.37,19.43,940,0.58,387,354,5.98,5.47,-0.130154412,-0.966160037,-0.175774834,0.330040088,1.535766044
249,524,8723250,3778360,16381.2,59.56,940,0.58,387,354,5.98,5.47,-0.130154412,1.165198887,-0.175774834,0.490064653,1.535766044
250,528,8630250,3781360,30265.7,82.35,10,0.01,0,0,0,0,-0.196790175,2.375606808,-0.232904202,2.133659688,-0.949336105
251,529,8633250,3781360,27827.7,57.69,10,0.01,0,0,0,0,-0.196790175,1.065880642,-0.232904202,1.845058392,-0.949336105
252,530,8636250,3781360,25509.77,21.2,10,0.01,0,0,0,0,-0.196790175,-0.872152928,-0.232904202,1.570670532,-0.949336105
253,531,8639250,3781360,23347.73,57.18,10,0.01,0,0,0,0,-0.196790175,1.038793847,-0.232904202,1.314736346,-0.949336105
254,532,8642250,3781360,21388.88,53.01,15,0.01,0,0,0,0,-0.196790175,0.817319471,-0.232904202,1.08285503,-0.949336105
255,533,8645250,3781360,19693.97,25.01,15,0.01,0,0,0,0,-0.196790175,-0.669798642,-0.232904202,0.882217941,-0.949336105
256,534,8648250,3781360,18336.31,22.46,15,0.01,0,0,0,0,-0.196790175,-0.805232613,-0.232904202,0.721503242,-0.949336105
257,535,8651250,3781360,17395.06,22.77,15,0.01,0,0,0,0,-0.196790175,-0.788768091,-0.232904202,0.610081598,-0.949336105
258,537,8657250,3781360,16644.26,23.46,15,0.01,0,0,0,0,-0.196790175,-0.752121252,-0.232904202,0.52120471,-0.949336105
259,538,8660250,3781360,14731.43,32.19,15,0.01,0,0,0,0,-0.196790175,-0.288459069,-0.232904202,0.294771068,-0.949336105
260,539,8663250,3781360,11814.09,40.39,15,0.01,0,0,0,0,-0.196790175,0.147054093,-0.232904202,-0.050572699,-0.949336105
261,540,8666250,3781360,8951.56,76.62,15,0.01,0,0,0,0,-0.196790175,2.071278709,-0.232904202,-0.389428264,-0.949336105
262,541,8669250,3781360,6219.99,53.5,15,0.01,0,0,0,0,-0.196790175,0.843344038,-0.232904202,-0.712781276,-0.949336105
263,542,8672250,3781360,3904.62,59.44,15,0.01,0,0,0,0,-0.196790175,1.158825524,-0.232904202,-0.986866092,-0.949336105
264,543,8675250,3781360,3131.11,39.8,15,0.01,21,0,10.97,0,-0.074550322,0.11571839,-0.232904202,-1.078431305,-0.949336105
265,544,8678250,3781360,412.01,13.01,15,0.01,63,18,36.05,10.3,0.204918732,-1.307134976,-0.125329707,-1.400308165,-0.949336105
266,545,8681250,3781360,1766.26,35.26,940,0.58,128,272,14.48,30.77,-0.035438026,-0.12540719,0.088461547,-1.239997129,1.535766044
267,546,8684250,3781360,1678.08,17,940,0.58,629,358,508.16,289.22,5.465689667,-1.095220645,2.787745845,-1.250435547,1.535766044
268,547,8687250,3781360,1678.03,25.23,940,0.58,0,0,0,0,-0.196790175,-0.658114142,-0.232904202,-1.250441466,1.535766044
269,548,8690250,3781360,2650.53,22.16,940,0.58,629,358,303.67,172.84,3.187036285,-0.821166021,1.572258491,-1.135320563,1.535766044
270,549,8693250,3781360,4224.23,36.02,940,0.58,629,358,346.46,197.19,3.663849714,-0.085042555,1.826572953,-0.949031859,1.535766044
271,550,8696250,3781360,5929.19,66.14,940,0.58,0,0,0,0,-0.196790175,1.514671644,-0.232904202,-0.747205089,1.535766044
272,553,8705250,3781360,13967.42,22.05,940,0.58,0,0,0,0,-0.196790175,-0.827008271,-0.232904202,0.20433043,1.535766044
273,554,8708250,3781360,16504.56,16.4,940,0.58,0,0,0,0,-0.196790175,-1.127087462,-0.232904202,0.504667548,1.535766044
274,555,8711250,3781360,17298.41,58.63,940,0.58,0,0,0,0,-0.196790175,1.115805321,-0.232904202,0.598640533,1.535766044
275,556,8714250,3781360,16961.62,20.36,940,0.58,0,0,0,0,-0.196790175,-0.916766471,-0.232904202,0.558772596,1.535766044
276,557,8717250,3781360,17151.05,28.71,940,0.58,0,0,0,0,-0.196790175,-0.473286606,-0.232904202,0.581196609,1.535766044
277,558,8720250,3781360,17849.93,23.31,940,0.58,387,354,5.98,5.47,-0.130154412,-0.760087956,-0.175774834,0.663927402,1.535766044
278,559,8723250,3781360,19002.15,24.03,940,0.58,387,354,5.98,5.47,-0.130154412,-0.721847776,-0.175774834,0.800322884,1.535766044
279,562,8627250,3784360,31356.38,10.96,10,0.01,0,0,0,0,-0.196790175,-1.416013267,-0.232904202,2.262770296,-0.949336105
280,566,8639250,3784360,21276.62,40.07,10,0.01,0,5000,0,60.02,-0.196790175,0.130058457,0.393952225,1.069566112,-0.949336105
281,567,8642250,3784360,19106.6,34.77,15,0.01,0,0,0,0,-0.196790175,-0.151431757,-0.232904202,0.812687284,-0.949336105
282,568,8645250,3784360,17188.08,59.3,15,0.01,0,0,0,0,-0.196790175,1.151389933,-0.232904202,0.585580082,-0.949336105
283,569,8648250,3784360,15614.04,39.91,15,0.01,0,0,0,0,-0.196790175,0.12156064,-0.232904202,0.39925113,-0.949336105
284,570,8651250,3784360,14497.1,26.46,15,0.01,0,0,0,0,-0.196790175,-0.592787168,-0.232904202,0.267031962,-0.949336105
285,572,8657250,3784360,13644.29,14.41,15,0.01,0,0,0,0,-0.196790175,-1.23277907,-0.232904202,0.166079513,-0.949336105
286,573,8660250,3784360,13461.91,23.11,15,0.01,0,0,0,0,-0.196790175,-0.770710228,-0.232904202,0.144490052,-0.949336105
287,574,8663250,3784360,11407.28,37.46,15,0.01,0,0,0,0,-0.196790175,-0.008562195,-0.232904202,-0.098729341,-0.949336105
288,575,8666250,3784360,8407.37,47.37,15,0.01,0,0,0,0,-0.196790175,0.517771394,-0.232904202,-0.453847435,-0.949336105
289,576,8669250,3784360,5407.55,17.01,15,0.01,0,0,0,0,-0.196790175,-1.094689531,-0.232904202,-0.808954876,-0.949336105
290,577,8672250,3784360,2408.19,38.92,15,0.01,0,0,0,0,-0.196790175,0.068980392,-0.232904202,-1.164007863,-0.949336105
291,578,8675250,3784360,597.62,23.31,15,0.01,103,0,200.63,0,2.038850825,-0.760087956,-0.232904202,-1.378336349,-0.949336105
292,579,8678250,3784360,3339.28,120.83,940,0.58,0,0,0,0,-0.196790175,4.419331987,-0.232904202,-1.053788921,1.535766044
293,580,8681250,3784360,1696.5,38.36,940,0.58,0,0,0,0,-0.196790175,0.03923803,-0.232904202,-1.248255056,1.535766044
294,581,8684250,3784360,646.9,31.38,940,0.58,0,0,0,0,-0.196790175,-0.331479271,-0.232904202,-1.372502768,1.535766044
295,582,8687250,3784360,3546.04,14.36,940,0.58,629,358,757.52,431.15,8.244334137,-1.235434639,4.270080612,-1.029313448,1.535766044
296,583,8690250,3784360,5457.01,13.37,940,0.58,629,358,344.28,195.95,3.639557747,-1.288014886,1.813622237,-0.803099987,1.535766044
297,584,8693250,3784360,6838.36,24.78,940,0.58,629,358,141.84,80.73,1.383747728,-0.682014255,0.610250069,-0.639580954,1.535766044
298,585,8696250,3784360,8252.22,63.85,940,0.58,0,0,0,0,-0.196790175,1.393046626,-0.232904202,-0.472213511,1.535766044
299,586,8699250,3784360,10169.09,51.29,940,0.58,0,0,0,0,-0.196790175,0.72596793,-0.232904202,-0.245301629,1.535766044
300,589,8708250,3784360,17814.15,24.97,940,0.58,0,0,0,0,-0.196790175,-0.671923096,-0.232904202,0.6596919,1.535766044
301,590,8711250,3784360,20247.79,31.72,940,0.58,0,0,0,0,-0.196790175,-0.313421408,-0.232904202,0.947777076,1.535766044
302,591,8714250,3784360,19960.83,21.23,940,0.58,0,0,0,0,-0.196790175,-0.870559587,-0.232904202,0.913807827,1.535766044
303,592,8717250,3784360,20122.04,36.58,940,0.58,0,0,0,0,-0.196790175,-0.055300193,-0.232904202,0.932891262,1.535766044
304,593,8720250,3784360,20720.96,13.21,940,0.58,387,354,5.98,5.47,-0.130154412,-1.296512704,-0.175774834,1.003789166,1.535766044
305,598,8630250,3787360,27370.95,48.62,10,0.01,0,5000,0,60.02,-0.196790175,0.584160596,0.393952225,1.79099004,-0.949336105
306,600,8636250,3787360,21997.83,33.52,10,0.01,0,5000,0,60.02,-0.196790175,-0.217820958,0.393952225,1.154940247,-0.949336105
307,601,8639250,3787360,19449.23,23,10,0.01,0,5000,0,60.02,-0.196790175,-0.776552478,0.393952225,0.853246538,-0.949336105
308,602,8642250,3787360,17048.18,38.36,15,0.01,0,0,0,0,-0.196790175,0.03923803,-0.232904202,0.569019244,-0.949336105
309,603,8645250,3787360,14866.34,22.95,15,0.01,0,0,0,0,-0.196790175,-0.779208046,-0.232904202,0.310741208,-0.949336105
310,604,8648250,3787360,13014.46,31.13,15,0.01,0,0,0,0,-0.196790175,-0.344757111,-0.232904202,0.091522599,-0.949336105
311,609,8663250,3787360,10066.68,54.76,15,0.01,0,0,0,0,-0.196790175,0.910264353,-0.232904202,-0.257424541,-0.949336105
312,610,8666250,3787360,8022.12,74.3,15,0.01,0,0,0,0,-0.196790175,1.948060351,-0.232904202,-0.499451885,-0.949336105
313,611,8669250,3787360,5023.6,57.29,15,0.01,0,0,0,0,-0.196790175,1.044636097,-0.232904202,-0.854405437,-0.949336105
314,612,8672250,3787360,2029.46,69.98,15,0.01,164,35,133.11,28.41,1.286468428,1.718619271,0.06381341,-1.2088405,-0.949336105
315,613,8675250,3787360,1000.43,9.2,940,0.58,0,0,0,0,-0.196790175,-1.509489262,-0.232904202,-1.330653212,1.535766044
316,614,8678250,3787360,3480.11,12.6,940,0.58,0,0,0,0,-0.196790175,-1.328910634,-0.232904202,-1.037117994,1.535766044
317,615,8681250,3787360,1336.33,20.74,940,0.58,389,314,1411.51,1139.37,15.53181287,-0.896584154,11.66681934,-1.29089063,1.535766044
318,616,8684250,3787360,3075.77,12.82,940,0.58,389,314,104.83,84.62,0.971341441,-1.317226135,0.650877718,-1.084982247,1.535766044
319,617,8687250,3787360,4882,40.73,940,0.58,629,358,501.38,285.36,5.390139421,0.165111956,2.74743152,-0.871167514,1.535766044
320,618,8690250,3787360,7347.78,43.33,940,0.58,0,0,0,0,-0.196790175,0.303201495,-0.232904202,-0.579277726,1.535766044
321,621,8699250,3787360,12423.94,25.03,940,0.58,0,0,0,0,-0.196790175,-0.668736415,-0.232904202,0.021619057,1.535766044
322,622,8702250,3787360,14410.6,43.38,940,0.58,0,0,0,0,-0.196790175,0.305857063,-0.232904202,0.256792416,1.535766044
323,624,8708250,3787360,19190.83,51.84,940,0.58,0,0,0,0,-0.196790175,0.755179179,-0.232904202,0.822658115,1.535766044
324,627,8717250,3787360,23100.53,15.62,940,0.58,0,0,0,0,-0.196790175,-1.168514323,-0.232904202,1.285473737,1.535766044
325,628,8720250,3787360,23624.06,24.2,940,0.58,0,0,0,0,-0.196790175,-0.712818845,-0.232904202,1.347447255,1.535766044
326,631,8624250,3790360,32093.78,16.59,10,0.01,0,0,0,0,-0.196790175,-1.116996303,-0.232904202,2.350060942,-0.949336105
327,633,8630250,3790360,26320.08,87.12,10,0.01,0,5000,0,25.08,-0.196790175,2.628948001,0.029034472,1.666591991,-0.949336105
328,634,8633250,3790360,23475.83,21.73,10,0.01,0,5000,0,60.02,-0.196790175,-0.844003907,0.393952225,1.329900344,-0.949336105
329,635,8636250,3790360,20675.65,53.99,10,0.01,0,5000,0,60.02,-0.196790175,0.869368605,0.393952225,0.998425538,-0.949336105
330,636,8639250,3790360,17940.19,24.31,10,0.01,0,5000,0,60.02,-0.196790175,-0.706976595,0.393952225,0.674612042,-0.949336105
331,637,8642250,3790360,15304.19,30.94,10,0.01,0,0,0,0,-0.196790175,-0.35484827,-0.232904202,0.362572249,-0.949336105
332,638,8645250,3790360,12829.11,32.77,15,0.01,0,0,0,0,-0.196790175,-0.257654479,-0.232904202,0.069581562,-0.949336105
333,643,8660250,3790360,7775.62,9.59,15,0.01,0,0,0,0,-0.196790175,-1.488775831,-0.232904202,-0.528631631,-0.949336105
334,644,8663250,3790360,7068.01,18.68,15,0.01,0,0,0,0,-0.196790175,-1.005993558,-0.232904202,-0.612395849,-0.949336105
335,646,8669250,3790360,5748.06,26.52,15,0.01,0,0,0,0,-0.196790175,-0.589600487,-0.232904202,-0.768646579,-0.949336105
336,647,8672250,3790360,3452.88,47.66,15,0.01,0,0,0,0,-0.196790175,0.533173689,-0.232904202,-1.040341379,-0.949336105
337,648,8675250,3790360,2967.24,19.42,15,0.01,0,0,0,0,-0.196790175,-0.966691151,-0.232904202,-1.097829621,-0.949336105
338,649,8678250,3790360,4866.89,45.95,940,0.58,0,0,0,0,-0.196790175,0.442353261,-0.232904202,-0.872956179,1.535766044
339,650,8681250,3790360,4323.59,35.66,940,0.58,389,314,497.49,401.58,5.346792745,-0.104162645,3.961247814,-0.937269995,1.535766044
340,651,8684250,3790360,5134.98,10.1,940,0.58,389,314,459.64,371.02,4.92502625,-1.461689037,3.642075331,-0.84122069,1.535766044
341,652,8687250,3790360,7214.05,83.95,940,0.58,0,0,0,0,-0.196790175,2.460584986,-0.232904202,-0.595108181,1.535766044
342,653,8690250,3790360,9124.11,25.62,940,0.58,0,0,0,0,-0.196790175,-0.637400712,-0.232904202,-0.369002442,1.535766044
343,655,8696250,3790360,13463.09,8.1,940,0.58,0,0,0,0,-0.196790175,-1.56791176,-0.232904202,0.144629736,1.535766044
344,656,8699250,3790360,14943.17,55.07,940,0.58,0,0,0,0,-0.196790175,0.926728875,-0.232904202,0.319836055,1.535766044
345,658,8705250,3790360,18652.63,15.33,940,0.58,0,0,0,0,-0.196790175,-1.183916618,-0.232904202,0.758948018,1.535766044
346,661,8714250,3790360,25881.54,17.11,940,0.58,0,0,0,0,-0.196790175,-1.089378395,-0.232904202,1.614679271,1.535766044
347,662,8717250,3790360,26083.95,33.84,940,0.58,0,0,0,0,-0.196790175,-0.200825323,-0.232904202,1.638639807,1.535766044
348,666,8624250,3793360,31489.5,10.52,10,0.01,0,5000,0,25.08,-0.196790175,-1.439382266,0.029034472,2.278528542,-0.949336105
349,667,8627250,3793360,28529.93,16.53,10,0.01,0,5000,0,25.08,-0.196790175,-1.120182985,0.029034472,1.928185746,-0.949336105
350,669,8633250,3793360,22642.71,53.68,10,0.01,0,5000,0,25.08,-0.196790175,0.852904083,0.029034472,1.231278723,-0.949336105
351,670,8636250,3793360,19724.61,39.11,10,0.01,0,5000,0,60.02,-0.196790175,0.079071551,0.393952225,0.885844989,-0.949336105
352,671,8639250,3793360,16835.33,38.23,10,0.01,0,0,0,0,-0.196790175,0.032333553,-0.232904202,0.54382286,-0.949336105
353,672,8642250,3793360,13992.72,6.78,10,0.01,0,5000,0,165.16,-0.196790175,-1.638018756,1.492047606,0.207325349,-0.949336105
354,673,8645250,3793360,11232.28,37.43,15,0.01,0,0,0,0,-0.196790175,-0.010155536,-0.232904202,-0.119445185,-0.949336105
355,674,8648250,3793360,8633.19,47.26,15,0.01,0,0,0,0,-0.196790175,0.511929144,-0.232904202,-0.427115711,-0.949336105
356,676,8654250,3793360,5026.71,51.88,15,0.01,0,0,0,0,-0.196790175,0.757303633,-0.232904202,-0.854037287,-0.949336105
357,677,8657250,3793360,4644.55,39.15,15,0.01,0,0,0,0,-0.196790175,0.081196005,-0.232904202,-0.899275954,-0.949336105
358,679,8663250,3793360,4071.28,29.07,15,0.01,0,0,0,0,-0.196790175,-0.454166516,-0.232904202,-0.967137507,-0.949336105
359,681,8669250,3793360,5866.66,23.27,15,0.01,0,0,0,0,-0.196790175,-0.76221241,-0.232904202,-0.754607156,-0.949336105
360,682,8672250,3793360,5535.85,21.79,15,0.01,0,0,0,0,-0.196790175,-0.840817225,-0.232904202,-0.793767203,-0.949336105
361,683,8675250,3793360,5882.87,37.05,42,0.04,0,0,0,0,-0.196790175,-0.030337853,-0.232904202,-0.752688277,-0.818541255
362,684,8678250,3793360,7034.93,70.63,940,0.58,0,0,0,0,-0.196790175,1.753141655,-0.232904202,-0.616311735,1.535766044
363,685,8681250,3793360,7321.27,52.42,940,0.58,0,0,0,0,-0.196790175,0.785983768,-0.232904202,-0.58241588,1.535766044
364,686,8684250,3793360,7827.88,44.85,940,0.58,0,0,0,0,-0.196790175,0.383930764,-0.232904202,-0.522445288,1.535766044
365,687,8687250,3793360,9324.71,97.81,940,0.58,0,0,0,0,-0.196790175,3.196708452,-0.232904202,-0.345256167,1.535766044
366,688,8690250,3793360,11424.05,62.35,940,0.58,0,0,0,0,-0.196790175,1.313379585,-0.232904202,-0.096744171,1.535766044
367,691,8699250,3793360,17613.69,77.23,940,0.58,0,0,0,0,-0.196790175,2.103676639,-0.232904202,0.635962197,1.535766044
368,692,8702250,3793360,19067.08,15.2,940,0.58,0,0,0,0,-0.196790175,-1.190821095,-0.232904202,0.808009054,1.535766044
369,696,8714250,3793360,27509.96,71.15,940,0.58,0,0,0,0,-0.196790175,1.780759563,-0.232904202,1.807445523,1.535766044
370,703,8630250,3796360,25177.42,50.65,10,0.01,0,5000,0,25.08,-0.196790175,0.691976659,0.029034472,1.531328186,-0.949336105
371,704,8633250,3796360,22187.17,36.65,10,0.01,0,5000,0,25.08,-0.196790175,-0.051582398,0.029034472,1.177353606,-0.949336105
372,705,8636250,3796360,19199.96,44.92,10,0.01,0,5000,0,25.08,-0.196790175,0.387648559,0.029034472,0.82373889,-0.949336105
373,706,8639250,3796360,16217.47,12.66,10,0.01,0,0,0,0,-0.196790175,-1.325723953,-0.232904202,0.47068291,-0.949336105
374,707,8642250,3796360,13242.89,13.39,10,0.01,0,5000,0,165.16,-0.196790175,-1.286952659,1.492047606,0.118563286,-0.949336105
375,708,8645250,3796360,10283.1,12.7,10,0.01,0,0,0,0,-0.196790175,-1.323599498,-0.232904202,-0.231805553,-0.949336105
376,709,8648250,3796360,7355.95,30.36,15,0.01,0,0,0,0,-0.196790175,-0.38565286,-0.232904202,-0.578310592,-0.949336105
377,710,8651250,3796360,4525.25,34.57,15,0.01,0,0,0,0,-0.196790175,-0.162054029,-0.232904202,-0.913398241,-0.949336105
378,711,8654250,3796360,2201.31,39.26,15,0.01,0,0,0,0,-0.196790175,0.087038255,-0.232904202,-1.188497542,-0.949336105
379,712,8657250,3796360,1645.28,28.73,15,0.01,97,2,252.74,5.21,2.619517986,-0.472224378,-0.178490307,-1.254318288,-0.949336105
380,713,8660250,3796360,3321,36.19,15,0.01,105,105,95.47,95.47,0.867041985,-0.076013624,0.764196483,-1.055952839,-0.949336105
381,714,8663250,3796360,1092.69,60.5,15,0.01,105,105,39.26,39.26,0.240688097,1.215123566,0.177132175,-1.319731819,-0.949336105
382,715,8666250,3796360,2947.95,51.93,15,0.01,0,0,0,0,-0.196790175,0.759959201,-0.232904202,-1.100113099,-0.949336105
383,716,8669250,3796360,3258.31,8.96,15,0.01,0,0,0,0,-0.196790175,-1.522235989,-0.232904202,-1.063373846,-0.949336105
384,717,8672250,3796360,2616.2,38.14,42,0.04,0,0,0,0,-0.196790175,0.02755353,-0.232904202,-1.13938442,-0.818541255
385,718,8675250,3796360,4590.47,8.83,42,0.04,0,0,0,0,-0.196790175,-1.529140466,-0.232904202,-0.905677742,-0.818541255
386,719,8678250,3796360,7300.71,24.35,940,0.58,0,0,0,0,-0.196790175,-0.70485214,-0.232904202,-0.584849696,1.535766044
387,720,8681250,3796360,10174.89,14.93,940,0.58,0,0,0,0,-0.196790175,-1.205161163,-0.232904202,-0.244615047,1.535766044
388,721,8684250,3796360,10685.66,57.42,940,0.58,0,0,0,0,-0.196790175,1.051540574,-0.232904202,-0.18415201,1.535766044
389,722,8687250,3796360,11826.15,56.12,940,0.58,0,0,0,0,-0.196790175,0.982495805,-0.232904202,-0.049145081,1.535766044
390,723,8690250,3796360,13547.42,30.82,940,0.58,0,0,0,0,-0.196790175,-0.361221633,-0.232904202,0.154612405,1.535766044
391,724,8693250,3796360,15618.08,65.73,940,0.58,0,0,0,0,-0.196790175,1.492895985,-0.232904202,0.39972937,1.535766044
392,730,8711250,3796360,27137.26,34.9,940,0.58,0,0,0,0,-0.196790175,-0.14452728,-0.232904202,1.763326695,1.535766044
393,737,8627250,3799360,28126.72,13.91,10,0.01,0,5000,0,25.08,-0.196790175,-1.259334751,0.029034472,1.880455258,-0.949336105
394,738,8630250,3799360,25129.28,28.9,10,0.01,0,5000,0,25.08,-0.196790175,-0.463195447,0.029034472,1.525629553,-0.949336105
395,739,8633250,3799360,22132.52,24.32,10,0.01,0,5000,0,25.08,-0.196790175,-0.706445481,0.029034472,1.170884344,-0.949336105
396,740,8636250,3799360,19136.78,15.1,10,0.01,0,5000,0,25.08,-0.196790175,-1.196132231,0.029034472,0.816259879,-0.949336105
397,741,8639250,3799360,16142.62,10.22,10,0.01,0,5000,0,165.16,-0.196790175,-1.455315674,1.492047606,0.461822448,-0.949336105
398,742,8642250,3799360,13151.13,28.16,10,0.01,0,5000,0,165.16,-0.196790175,-0.502497854,1.492047606,0.107701081,-0.949336105
399,743,8645250,3799360,10164.65,58.76,10,0.01,0,0,0,0,-0.196790175,1.122709798,-0.232904202,-0.24582722,-0.949336105
400,744,8648250,3799360,7189.43,43.19,10,0.01,166,20,18.2,2.19,0.006014322,0.295765904,-0.210031566,-0.598022605,-0.949336105
401,745,8651250,3799360,4249.21,7.69,42,0.04,0,0,0,0,-0.196790175,-1.589687418,-0.232904202,-0.946074821,-0.818541255
402,746,8654250,3799360,1556.83,12.57,42,0.04,0,0,0,0,-0.196790175,-1.330503975,-0.232904202,-1.264788667,-0.818541255
403,747,8657250,3799360,943.64,29.32,42,0.04,0,0,0,0,-0.196790175,-0.440888675,-0.232904202,-1.337375799,-0.818541255
404,748,8660250,3799360,2592.26,44.14,42,0.04,0,0,0,0,-0.196790175,0.346221698,-0.232904202,-1.142218347,-0.818541255
405,749,8663250,3799360,1952.58,32.02,42,0.04,0,0,0,0,-0.196790175,-0.297488,-0.232904202,-1.217941266,-0.818541255
406,750,8666250,3799360,1298.14,5.39,42,0.04,0,0,0,0,-0.196790175,-1.711843548,-0.232904202,-1.295411419,-0.818541255
407,751,8669250,3799360,1812.05,16.51,42,0.04,0,0,0,0,-0.196790175,-1.121245212,-0.232904202,-1.234576681,-0.818541255
408,752,8672250,3799360,1021.5,35.73,42,0.04,114,90,209.81,165.64,2.141144522,-0.10044485,1.497060786,-1.328159025,-0.818541255
409,753,8675250,3799360,3907.86,18.74,42,0.04,0,0,0,0,-0.196790175,-1.002806877,-0.232904202,-0.986482553,-0.818541255
410,754,8678250,3799360,6891.98,86.04,940,0.58,0,0,0,0,-0.196790175,2.571587731,-0.232904202,-0.63323362,1.535766044
411,756,8684250,3799360,12882.36,43.19,940,0.58,0,0,0,0,-0.196790175,0.295765904,-0.232904202,0.075885097,1.535766044
412,764,8708250,3799360,27423.78,8.93,940,0.58,0,0,0,0,-0.196790175,-1.52382933,-0.232904202,1.797243858,1.535766044
413,773,8630250,3802360,25437.34,23.38,10,0.01,0,5000,0,25.08,-0.196790175,-0.756370161,0.029034472,1.562096541,-0.949336105
414,774,8633250,3802360,22481.69,27.43,10,0.01,0,5000,0,25.08,-0.196790175,-0.541269148,0.029034472,1.212217779,-0.949336105
415,775,8636250,3802360,19539.56,30.82,10,0.01,0,5000,0,25.08,-0.196790175,-0.361221633,0.029034472,0.863939464,-0.949336105
416,776,8639250,3802360,16618.13,34.15,10,0.01,0,0,0,0,-0.196790175,-0.184360801,-0.232904202,0.518111538,-0.949336105
417,777,8642250,3802360,13730.63,49.33,10,0.01,0,0,0,0,-0.196790175,0.621869662,-0.232904202,0.176300118,-0.949336105
418,778,8645250,3802360,10904.04,45.96,10,0.01,166,20,15.91,1.92,-0.019503387,0.442884375,-0.21285148,-0.158301005,-0.949336105
419,779,8648250,3802360,8201.58,13.99,42,0.04,0,0,0,0,-0.196790175,-1.255085842,-0.232904202,-0.478208084,-0.818541255
420,780,8651250,3802360,5799.46,26.18,42,0.04,0,0,0,0,-0.196790175,-0.607658349,-0.232904202,-0.76256204,-0.818541255
421,781,8654250,3802360,4242.84,69.59,42,0.04,0,0,0,0,-0.196790175,1.69790584,-0.232904202,-0.946828877,-0.818541255
422,783,8660250,3802360,4517.81,31.24,42,0.04,0,0,0,0,-0.196790175,-0.338914862,-0.232904202,-0.91427896,-0.818541255
423,785,8666250,3802360,2874.01,47.89,42,0.04,0,0,0,0,-0.196790175,0.545389302,-0.232904202,-1.108865839,-0.818541255
424,786,8669250,3802360,3139.79,48.53,42,0.04,0,0,0,0,-0.196790175,0.579380573,-0.232904202,-1.077403799,-0.818541255
425,787,8672250,3802360,3639.01,46.58,42,0.04,0,0,0,0,-0.196790175,0.475813419,-0.232904202,-1.018308008,-0.818541255
426,788,8675250,3802360,5241.22,29.24,42,0.04,0,0,0,0,-0.196790175,-0.445137584,-0.232904202,-0.828644397,-0.818541255
427,789,8678250,3802360,7726.47,35.51,42,0.04,114,90,7.09,5.6,-0.117785566,-0.11212935,-0.174417098,-0.534449824,-0.818541255
428,791,8684250,3802360,13347.44,18.84,940,0.58,0,0,0,0,-0.196790175,-0.99749574,-0.232904202,0.130939523,1.535766044
429,793,8690250,3802360,18529.65,53.54,940,0.58,0,0,0,0,-0.196790175,0.845468493,-0.232904202,0.744390106,1.535766044
430,794,8693250,3802360,20125.17,27.76,940,0.58,0,0,0,0,-0.196790175,-0.523742399,-0.232904202,0.93326178,1.535766044
431,795,8696250,3802360,22015.83,31.72,940,0.58,0,0,0,0,-0.196790175,-0.313421408,-0.232904202,1.15707102,1.535766044
432,796,8699250,3802360,24057.33,66.21,940,0.58,0,0,0,0,-0.196790175,1.518389439,-0.232904202,1.398736133,1.535766044
433,806,8624250,3805360,31904.55,49.07,10,0.01,0,0,0,0,-0.196790175,0.608060708,-0.232904202,2.327660605,-0.949336105
434,807,8627250,3805360,28987.39,37.21,10,0.01,0,5000,0,25.08,-0.196790175,-0.021840035,0.029034472,1.982338145,-0.949336105
435,808,8630250,3805360,26089.01,32.21,10,0.01,0,5000,0,25.08,-0.196790175,-0.287396841,0.029034472,1.639238791,-0.949336105
436,809,8633250,3805360,23216.47,6.83,10,0.01,0,0,0,0,-0.196790175,-1.635363188,-0.232904202,1.29919828,-0.949336105
437,810,8636250,3805360,20380.68,37.71,10,0.01,0,5000,0,553.6,-0.196790175,0.004715645,5.548963809,0.963508095,-0.949336105
438,811,8639250,3805360,17599.44,8.83,10,0.01,0,5000,0,1000.74,-0.196790175,-1.529140466,10.21895019,0.634275335,-0.949336105
439,812,8642250,3805360,14903.29,11.38,10,0.01,166,20,13.02,1.57,-0.051706958,-1.393706495,-0.216506924,0.315115211,-0.949336105
440,813,8645250,3805360,12348.11,26.2,10,0.01,166,20,17.7,2.13,0.00044277,-0.606596122,-0.210658214,0.012642586,-0.949336105
441,814,8648250,3805360,10042.1,55.42,42,0.04,166,20,23.75,2.86,0.06785855,0.945317852,-0.203034002,-0.260334229,-0.818541255
442,815,8651250,3805360,8198.28,36.35,42,0.04,0,0,0,0,-0.196790175,-0.067515806,-0.232904202,-0.478598725,-0.818541255
443,816,8654250,3805360,7181.9,76.54,42,0.04,0,0,0,0,-0.196790175,2.0670298,-0.232904202,-0.598913978,-0.818541255
444,820,8666250,3805360,5730.16,12.17,42,0.04,0,0,0,0,-0.196790175,-1.35174852,-0.232904202,-0.770765514,-0.818541255
445,821,8669250,3805360,5867.97,60.51,42,0.04,0,0,0,0,-0.196790175,1.21565468,-0.232904202,-0.754452083,-0.818541255
446,822,8672250,3805360,6591,42.43,42,0.04,0,0,0,0,-0.196790175,0.25540127,-0.232904202,-0.668862504,-0.818541255
447,824,8678250,3805360,9481.41,54.72,42,0.04,114,90,7.09,5.6,-0.117785566,0.908139899,-0.174417098,-0.326706608,-0.818541255
448,825,8681250,3805360,11837.45,34.31,940,0.58,0,0,0,0,-0.196790175,-0.175862983,-0.232904202,-0.04780743,1.535766044
449,827,8687250,3805360,17163.36,35.27,940,0.58,0,0,0,0,-0.196790175,-0.124876076,-0.232904202,0.582653821,1.535766044
450,829,8693250,3805360,22625.87,32.19,940,0.58,0,0,0,0,-0.196790175,-0.288459069,-0.232904202,1.229285267,1.535766044
451,831,8699250,3805360,26254.13,36.16,940,0.58,0,0,0,0,-0.196790175,-0.077606965,-0.232904202,1.658785077,1.535766044
452,842,8627250,3808360,29863.8,16.4,10,0.01,0,0,0,0,-0.196790175,-1.127087462,-0.232904202,2.086084274,-0.949336105
453,843,8630250,3808360,27059.46,43.63,10,0.01,0,5000,0,74.92,-0.196790175,0.319134903,0.549569699,1.754117022,-0.949336105
454,844,8633250,3808360,24301.9,42.54,10,0.01,0,5000,0,74.92,-0.196790175,0.26124352,0.549569699,1.427687412,-0.949336105
455,845,8636250,3808360,21609.03,43.39,10,0.01,0,0,0,0,-0.196790175,0.306388177,-0.232904202,1.108915561,-0.949336105
456,846,8639250,3808360,19008.37,48.8,10,0.01,0,5000,0,787.28,-0.196790175,0.593720641,7.989547112,0.801059185,-0.949336105
457,847,8642250,3808360,16543.46,25.6,10,0.01,166,20,6.28,0.76,-0.126811481,-0.638462939,-0.224966666,0.509272384,-0.949336105
458,848,8645250,3808360,14284.74,63.45,10,0.01,166,20,13.02,1.57,-0.051706958,1.371802082,-0.216506924,0.241893582,-0.949336105
459,851,8654250,3808360,10156.65,39.02,42,0.04,0,0,0,0,-0.196790175,0.074291528,-0.232904202,-0.24677423,-0.818541255
460,852,8657250,3808360,9796.06,53.93,42,0.04,0,0,0,0,-0.196790175,0.866181924,-0.232904202,-0.289459522,-0.818541255
461,853,8660250,3808360,10089.21,30.58,42,0.04,0,0,0,0,-0.196790175,-0.37396836,-0.232904202,-0.254757524,-0.818541255
462,854,8663250,3808360,9581.81,46.68,42,0.04,0,0,0,0,-0.196790175,0.481124555,-0.232904202,-0.314821633,-0.818541255
463,855,8666250,3808360,8683.86,33.68,42,0.04,0,0,0,0,-0.196790175,-0.20932314,-0.232904202,-0.421117586,-0.818541255
464,856,8669250,3808360,8775.41,42.23,42,0.04,0,0,0,0,-0.196790175,0.244778998,-0.232904202,-0.410280241,-0.818541255
465,858,8675250,3808360,10289.23,34.84,42,0.04,0,0,0,0,-0.196790175,-0.147713962,-0.232904202,-0.231079907,-0.818541255
466,862,8687250,3808360,18514.32,33.33,940,0.58,0,0,0,0,-0.196790175,-0.227912117,-0.232904202,0.742575399,1.535766044
467,864,8693250,3808360,23858.66,17.52,940,0.58,0,0,0,0,-0.196790175,-1.067602737,-0.232904202,1.375218323,1.535766044
468,865,8696250,3808360,26635.76,60.52,940,0.58,0,0,0,0,-0.196790175,1.216185794,-0.232904202,1.703961006,1.535766044
469,866,8699250,3808360,28533.96,20.87,940,0.58,0,0,0,0,-0.196790175,-0.889679677,-0.232904202,1.928662802,1.535766044
470,877,8627250,3811360,31006.85,20.85,10,0.01,0,5000,0,74.92,-0.196790175,-0.890741904,0.549569699,2.221394246,-0.949336105
471,878,8630250,3811360,28315.94,37.73,10,0.01,0,0,0,0,-0.196790175,0.005777872,-0.232904202,1.902854412,-0.949336105
472,879,8633250,3811360,25693.58,34.52,10,0.01,0,0,0,0,-0.196790175,-0.164709597,-0.232904202,1.592429271,-0.949336105
473,880,8636250,3811360,23163.08,46.19,10,0.01,0,0,0,0,-0.196790175,0.455099988,-0.232904202,1.292878172,-0.949336105
474,881,8639250,3811360,20758.04,34.86,10,0.01,0,0,0,0,-0.196790175,-0.146651734,-0.232904202,1.008178557,-0.949336105
475,882,8642250,3811360,18527.38,40.28,10,0.01,166,20,6.28,0.76,-0.126811481,0.141211843,-0.224966666,0.744121392,-0.949336105
476,883,8645250,3811360,16541.82,34.3,42,0.04,166,20,8.26,1,-0.104748134,-0.176394097,-0.222460076,0.509078247,-0.818541255
477,885,8651250,3811360,13724.71,53.33,42,0.04,0,0,0,0,-0.196790175,0.834315107,-0.232904202,0.175599331,-0.818541255
478,886,8654250,3811360,13142.89,40.28,42,0.04,0,0,0,0,-0.196790175,0.141211843,-0.232904202,0.106725661,-0.818541255
479,887,8657250,3811360,12792.71,65.08,42,0.04,0,0,0,0,-0.196790175,1.458373601,-0.232904202,0.065272666,-0.818541255
480,889,8663250,3811360,12344.47,25.5,42,0.04,0,0,0,0,-0.196790175,-0.643774075,-0.232904202,0.012211696,-0.818541255
481,890,8666250,3811360,11661.23,25.76,42,0.04,0,0,0,0,-0.196790175,-0.629965121,-0.232904202,-0.068667693,-0.818541255
482,894,8678250,3811360,14293.18,33.42,42,0.04,0,0,0,0,-0.196790175,-0.223132094,-0.232904202,0.242892677,-0.818541255
483,895,8681250,3811360,15953.78,35.98,42,0.04,0,0,0,0,-0.196790175,-0.08716701,-0.232904202,0.439468277,-0.818541255
484,896,8684250,3811360,17965.27,38.65,42,0.04,0,0,0,0,-0.196790175,0.054640325,-0.232904202,0.677580919,-0.818541255
485,897,8687250,3811360,20223.23,12.88,42,0.04,0,0,0,0,-0.196790175,-1.314039453,-0.232904202,0.944869755,-0.818541255
486,898,8690250,3811360,22654.07,7.57,940,0.58,0,0,0,0,-0.196790175,-1.596060781,-0.232904202,1.232623477,1.535766044
487,899,8693250,3811360,25207.83,41.62,940,0.58,0,0,0,0,-0.196790175,0.212381067,-0.232904202,1.534928008,1.535766044
488,913,8630250,3814360,29822.31,37.19,10,0.01,0,0,0,0,-0.196790175,-0.022902263,-0.232904202,2.081172843,-0.949336105
489,915,8636250,3814360,24982.12,17.8,10,0.01,0,0,0,0,-0.196790175,-1.052731556,-0.232904202,1.508209304,-0.949336105
490,917,8642250,3814360,20756.73,59.07,10,0.01,0,0,0,0,-0.196790175,1.13917432,-0.232904202,1.008023484,-0.949336105
491,918,8645250,3814360,19005.52,37.4,42,0.04,166,20,8.26,1,-0.104748134,-0.011748877,-0.222460076,0.800721812,-0.818541255
492,920,8651250,3814360,16611.61,10.08,42,0.04,0,0,0,0,-0.196790175,-1.462751264,-0.232904202,0.517339725,-0.818541255
493,921,8654250,3814360,16134.23,31.55,42,0.04,0,0,0,0,-0.196790175,-0.32245034,-0.232904202,0.460829271,-0.818541255
494,925,8666250,3814360,14647.83,43.45,42,0.04,0,0,0,0,-0.196790175,0.309574858,-0.232904202,0.284874814,-0.818541255
495,926,8669250,3814360,14702.29,16.07,42,0.04,0,0,0,0,-0.196790175,-1.144614211,-0.232904202,0.291321585,-0.818541255
496,928,8675250,3814360,16008.31,43.96,42,0.04,0,0,0,0,-0.196790175,0.336661653,-0.232904202,0.445923334,-0.818541255
497,930,8681250,3814360,18404.4,17.33,42,0.04,0,0,0,0,-0.196790175,-1.077693896,-0.232904202,0.729563481,-0.818541255
498,931,8684250,3814360,20173,24.2,42,0.04,0,0,0,0,-0.196790175,-0.712818845,-0.232904202,0.938923716,-0.818541255
499,932,8687250,3814360,22207.61,45.28,42,0.04,0,0,0,0,-0.196790175,0.406768649,-0.232904202,1.179773217,-0.818541255
500,949,8633250,3817360,29211.58,56.08,10,0.01,0,0,0,0,-0.196790175,0.98037135,-0.232904202,2.008876916,-0.949336105
501,950,8636250,3817360,27012.67,39.18,10,0.01,0,0,0,0,-0.196790175,0.082789346,-0.232904202,1.748578198,-0.949336105
502,951,8639250,3817360,24981.03,31.3,10,0.01,0,0,0,0,-0.196790175,-0.33572818,-0.232904202,1.508080274,-0.949336105
503,954,8648250,3817360,20375.37,49.32,42,0.04,0,0,0,0,-0.196790175,0.621338548,-0.232904202,0.962879517,-0.818541255
504,955,8651250,3817360,19532.63,51.96,42,0.04,0,0,0,0,-0.196790175,0.761552542,-0.232904202,0.863119117,-0.818541255
505,957,8657250,3817360,18789.23,84.03,42,0.04,0,0,0,0,-0.196790175,2.464833895,-0.232904202,0.775118213,-0.818541255
506,958,8660250,3817360,18943.72,10.52,42,0.04,0,0,0,0,-0.196790175,-1.439382266,-0.232904202,0.79340616,-0.818541255
507,959,8663250,3817360,18097.94,84.44,42,0.04,0,0,0,0,-0.196790175,2.486609553,-0.232904202,0.693285896,-0.818541255
508,960,8666250,3817360,17638.98,46.12,42,0.04,0,0,0,0,-0.196790175,0.451382193,-0.232904202,0.638955932,-0.818541255
509,961,8669250,3817360,17684.23,52.36,42,0.04,0,0,0,0,-0.196790175,0.782797086,-0.232904202,0.644312458,-0.818541255
510,964,8678250,3817360,19765.95,8.5,42,0.04,0,0,0,0,-0.196790175,-1.546667215,-0.232904202,0.890738664,-0.818541255
511,966,8684250,3817360,22564.33,46.17,42,0.04,0,0,0,0,-0.196790175,0.454037761,-0.232904202,1.222000392,-0.818541255
512,967,8687250,3817360,24400.34,39.86,42,0.04,0,0,0,0,-0.196790175,0.118905072,-0.232904202,1.43934037,-0.818541255
513,985,8636250,3820360,29210.65,36.54,10,0.01,0,0,0,0,-0.196790175,-0.057424647,-0.232904202,2.008766826,-0.949336105
514,986,8639250,3820360,27342.82,45.69,42,0.04,0,0,0,0,-0.196790175,0.428544307,-0.232904202,1.787660116,-0.818541255
515,989,8648250,3820360,23210.64,62.16,42,0.04,0,0,0,0,-0.196790175,1.303288426,-0.232904202,1.298508146,-0.818541255
516,990,8651250,3820360,22474.46,41.12,42,0.04,0,0,0,0,-0.196790175,0.185825387,-0.232904202,1.211361919,-0.818541255
517,992,8657250,3820360,21788.2,23.11,42,0.04,0,0,0,0,-0.196790175,-0.770710228,-0.232904202,1.130125034,-0.818541255
518,994,8663250,3820360,21026.41,50.52,42,0.04,0,0,0,0,-0.196790175,0.685072182,-0.232904202,1.039947191,-0.818541255
519,995,8666250,3820360,20632.7,22.35,42,0.04,0,0,0,0,-0.196790175,-0.811074863,-0.232904202,0.993341278,-0.818541255
520,999,8678250,3820360,22602.92,29.59,42,0.04,0,0,0,0,-0.196790175,-0.426548608,-0.232904202,1.226568532,-0.818541255
521,1021,8639250,3823360,29819.59,39.65,42,0.04,0,0,0,0,-0.196790175,0.107751686,-0.232904202,2.08085086,-0.818541255
522,1026,8654250,3823360,25031.72,38.64,42,0.04,0,0,0,0,-0.196790175,0.054109211,-0.232904202,1.514080766,-0.818541255
523,1027,8657250,3823360,24787.43,36.16,42,0.04,0,0,0,0,-0.196790175,-0.077606965,-0.232904202,1.485162632,-0.818541255
524,1029,8663250,3823360,23972.59,9.64,42,0.04,0,0,0,0,-0.196790175,-1.486120263,-0.232904202,1.388704929,-0.818541255
525,1030,8666250,3823360,23628.02,50.17,42,0.04,0,0,0,0,-0.196790175,0.666483205,-0.232904202,1.347916025,-0.818541255
526,1059,8648250,3826360,28980.85,85.81,42,0.04,0,0,0,0,-0.196790175,2.559372118,-0.232904202,1.981563964,-0.818541255
527,1060,8651250,3826360,28394.67,40.21,42,0.04,0,0,0,0,-0.196790175,0.137494048,-0.232904202,1.912174174,-0.818541255
528,1063,8660250,3826360,27561.95,40.67,42,0.04,0,0,0,0,-0.196790175,0.161925274,-0.232904202,1.813599904,-0.818541255
,,,,12241.30998,37.62121212,,,,,17.66026515,22.30001894,,,,,
,,,,8439.63706,18.81052489,,,,,89.65657697,95.65688945,,,,,
