"sno","LargeLS","Ruggedness","SmallLS","DisFromVill","WildPrey","D.0","lcl.0","ucl.0"
25,-0.196790175,1.301163972,-0.232904202,0.432108825,0.097022695,4.13743081322524e-05,2.14102539450407e-05,7.99539032940375e-05
26,-0.042792475,0.491746827,-0.138280423,0.14601829,0.097022695,4.13743081322524e-05,2.14102539450407e-05,7.99539032940375e-05
27,-0.128260084,-0.433984198,-0.190814375,-0.122145347,0.097022695,4.13743081322524e-05,2.14102539450407e-05,7.99539032940375e-05
28,-0.128260084,0.288861427,-0.190814375,-0.348425099,0.097022695,4.13743081322524e-05,2.14102539450407e-05,7.99539032940375e-05
29,-0.009363162,0.24212343,-0.117183289,-0.492855961,0.097022695,4.13743081322524e-05,2.14102539450407e-05,7.99539032940375e-05
58,-0.196790175,1.301695085,-0.232904202,0.817824813,0.097022695,4.13743081322524e-05,2.14102539450407e-05,7.99539032940375e-05
59,-0.196790175,1.204501294,-0.232904202,0.565911868,0.097022695,4.13743081322524e-05,2.14102539450407e-05,7.99539032940375e-05
61,-0.196790175,2.829708947,-0.232904202,-0.055213048,0.097022695,4.13743081322524e-05,2.14102539450407e-05,7.99539032940375e-05
62,-0.128260084,-0.668736415,-0.190814375,-0.353375594,0.097022695,4.13743081322524e-05,2.14102539450407e-05,7.99539032940375e-05
64,0.049806721,0.625587457,-0.081464379,-0.830061361,0.097022695,4.13743081322524e-05,2.14102539450407e-05,7.99539032940375e-05
65,-0.196790175,-0.982093446,-0.232904202,-0.867411435,0.097022695,4.13743081322524e-05,2.14102539450407e-05,7.99539032940375e-05
66,-0.196790175,-1.094689531,-0.232904202,-0.710348644,0.009826128,3.92506415396916e-05,1.96179714644875e-05,7.85306913136345e-05
90,-0.196790175,-0.633682916,-0.232904202,1.520166489,0.097022695,4.13743081322524e-05,2.14102539450407e-05,7.99539032940375e-05
91,-0.196790175,1.175821159,-0.232904202,1.217543527,0.097022695,4.13743081322524e-05,2.14102539450407e-05,7.99539032940375e-05
92,-0.196790175,1.472713668,-0.232904202,0.902036493,0.097022695,4.13743081322524e-05,2.14102539450407e-05,7.99539032940375e-05
93,-0.196790175,-0.652803006,-0.232904202,0.59954256,0.097022695,4.13743081322524e-05,2.14102539450407e-05,7.99539032940375e-05
94,-0.196790175,2.313466516,-0.232904202,0.316759457,0.097022695,4.13743081322524e-05,2.14102539450407e-05,7.99539032940375e-05
95,-0.196790175,0.791294904,-0.232904202,0.064775486,0.097022695,4.13743081322524e-05,2.14102539450407e-05,7.99539032940375e-05
96,-0.196790175,-0.470099924,-0.232904202,-0.186691181,0.097022695,4.13743081322524e-05,2.14102539450407e-05,7.99539032940375e-05
97,-0.067195873,0.61124739,-0.153319964,-0.526406157,0.097022695,4.13743081322524e-05,2.14102539450407e-05,7.99539032940375e-05
98,-0.067195873,-0.18276746,-0.153319964,-0.848030876,0.097022695,4.13743081322524e-05,2.14102539450407e-05,7.99539032940375e-05
99,-0.196790175,0.549638211,-0.232904202,-1.126219797,0.097022695,4.13743081322524e-05,2.14102539450407e-05,7.99539032940375e-05
100,0.022171823,0.212381067,-0.098383862,-1.20537326,0.009826128,3.92506415396916e-05,1.96179714644875e-05,7.85306913136345e-05
101,1.45562075,-1.547729442,0.787173559,-0.932572826,0.009826128,3.92506415396916e-05,1.96179714644875e-05,7.85306913136345e-05
102,-0.125808601,-0.251812229,0.020052524,-0.596790308,0.009826128,3.92506415396916e-05,1.96179714644875e-05,7.85306913136345e-05
123,-0.196790175,-0.505153422,-0.232904202,1.694443555,0.097022695,4.13743081322524e-05,2.14102539450407e-05,7.99539032940375e-05
124,-0.196790175,-0.745216775,-0.232904202,1.45051272,0.097022695,4.13743081322524e-05,2.14102539450407e-05,7.99539032940375e-05
125,-0.196790175,0.432262103,-0.232904202,1.231548621,0.097022695,4.13743081322524e-05,2.14102539450407e-05,7.99539032940375e-05
126,-0.196790175,1.041980529,-0.232904202,1.018034563,0.097022695,4.13743081322524e-05,2.14102539450407e-05,7.99539032940375e-05
127,-0.196790175,1.207687976,-0.232904202,0.749527636,0.097022695,4.13743081322524e-05,2.14102539450407e-05,7.99539032940375e-05
128,-0.196790175,-0.04308458,-0.232904202,0.423640189,0.097022695,4.13743081322524e-05,2.14102539450407e-05,7.99539032940375e-05
129,-0.196790175,0.604874026,-0.232904202,0.109257729,0.097022695,4.13743081322524e-05,2.14102539450407e-05,7.99539032940375e-05
130,-0.196790175,0.249027907,-0.232904202,-0.183383748,0.097022695,4.13743081322524e-05,2.14102539450407e-05,7.99539032940375e-05
131,-0.196790175,0.155020797,-0.232904202,-0.435281304,0.097022695,4.13743081322524e-05,2.14102539450407e-05,7.99539032940375e-05
132,-0.196790175,1.343653061,-0.232904202,-0.61542273,0.097022695,4.13743081322524e-05,2.14102539450407e-05,7.99539032940375e-05
133,-0.196790175,0.77005036,-0.232904202,-0.935024398,0.097022695,4.13743081322524e-05,2.14102539450407e-05,7.99539032940375e-05
134,-0.196790175,0.266554656,-0.232904202,-1.286537935,0.097022695,4.13743081322524e-05,2.14102539450407e-05,7.99539032940375e-05
135,-0.196790175,-0.502497854,-0.232904202,-1.268304442,0.009826128,3.92506415396916e-05,1.96179714644875e-05,7.85306913136345e-05
136,-0.196790175,0.621869662,-0.232904202,-0.959115148,0.009826128,3.92506415396916e-05,1.96179714644875e-05,7.85306913136345e-05
137,-0.125808601,2.854140173,0.020052524,-0.890080487,0.009826128,3.92506415396916e-05,1.96179714644875e-05,7.85306913136345e-05
138,0.191101283,-1.024582535,1.149689164,-1.006962828,0.009826128,3.92506415396916e-05,1.96179714644875e-05,7.85306913136345e-05
158,-0.196790175,-1.505240353,-0.232904202,1.438527125,0.271415828,4.597256273814e-05,2.53035224842541e-05,8.35249924601365e-05
159,-0.196790175,0.110938367,-0.232904202,1.192272565,0.271415828,4.597256273814e-05,2.53035224842541e-05,8.35249924601365e-05
160,-0.196790175,-0.389370655,-0.232904202,0.949851027,0.271415828,4.597256273814e-05,2.53035224842541e-05,8.35249924601365e-05
161,-0.196790175,-1.264114774,-0.232904202,0.738436965,0.271415828,4.597256273814e-05,2.53035224842541e-05,8.35249924601365e-05
162,-0.196790175,0.126871776,-0.232904202,0.515952355,0.271415828,4.597256273814e-05,2.53035224842541e-05,8.35249924601365e-05
163,-0.196790175,-0.982093446,-0.232904202,0.258021162,0.271415828,4.597256273814e-05,2.53035224842541e-05,8.35249924601365e-05
164,-0.196790175,-0.304923591,-0.232904202,-0.038094659,0.271415828,4.597256273814e-05,2.53035224842541e-05,8.35249924601365e-05
165,-0.196790175,0.497589077,-0.232904202,-0.369983782,0.271415828,4.597256273814e-05,2.53035224842541e-05,8.35249924601365e-05
166,-0.063295787,-0.127531644,-0.150917815,-0.680803116,0.271415828,4.597256273814e-05,2.53035224842541e-05,8.35249924601365e-05
167,-0.063295787,0.016931258,-0.150917815,-0.931117982,0.271415828,4.597256273814e-05,2.53035224842541e-05,8.35249924601365e-05
168,-0.138066016,0.351532834,-0.126060796,-1.085986077,0.271415828,4.597256273814e-05,2.53035224842541e-05,8.35249924601365e-05
169,1.055360446,-1.250836933,2.873074353,-1.022880883,0.009826128,3.92506415396916e-05,1.96179714644875e-05,7.85306913136345e-05
170,0.41429766,-1.157892051,1.282747326,-1.006310575,0.009826128,3.92506415396916e-05,1.96179714644875e-05,7.85306913136345e-05
171,-0.196790175,1.388797718,-0.232904202,-0.768876229,0.009826128,3.92506415396916e-05,1.96179714644875e-05,7.85306913136345e-05
172,-0.108313928,-0.707507708,0.082612837,-1.095933234,0.009826128,3.92506415396916e-05,1.96179714644875e-05,7.85306913136345e-05
173,-0.070650235,-0.780270273,-0.232904202,-1.361336336,0.009826128,3.92506415396916e-05,1.96179714644875e-05,7.85306913136345e-05
174,-0.093716461,-0.191796391,-0.232904202,-1.250203529,0.009826128,3.92506415396916e-05,1.96179714644875e-05,7.85306913136345e-05
191,-0.196790175,0.586816164,-0.232904202,1.729015339,-0.949336105,2.19848206027912e-05,6.85009396137151e-06,7.05584973961641e-05
192,-0.196790175,0.315948222,-0.232904202,1.44583094,0.271415828,4.597256273814e-05,2.53035224842541e-05,8.35249924601365e-05
193,-0.196790175,-0.727158912,-0.232904202,1.180170961,0.271415828,4.597256273814e-05,2.53035224842541e-05,8.35249924601365e-05
194,-0.196790175,2.46855169,-0.232904202,0.937893843,0.271415828,4.597256273814e-05,2.53035224842541e-05,8.35249924601365e-05
195,-0.196790175,0.226721135,-0.232904202,0.690126434,0.271415828,4.597256273814e-05,2.53035224842541e-05,8.35249924601365e-05
196,-0.196790175,-0.143996166,-0.232904202,0.450015601,0.271415828,4.597256273814e-05,2.53035224842541e-05,8.35249924601365e-05
197,-0.196790175,-0.132311667,-0.232904202,0.250672364,0.271415828,4.597256273814e-05,2.53035224842541e-05,8.35249924601365e-05
198,-0.196790175,-0.692636527,-0.232904202,0.0139684,0.271415828,4.597256273814e-05,2.53035224842541e-05,8.35249924601365e-05
199,-0.196790175,0.644176434,-0.232904202,-0.224752696,0.271415828,4.597256273814e-05,2.53035224842541e-05,8.35249924601365e-05
200,-0.196790175,-0.039366785,-0.232904202,-0.530545775,0.271415828,4.597256273814e-05,2.53035224842541e-05,8.35249924601365e-05
201,-0.196790175,0.823692835,-0.232904202,-0.812727527,0.271415828,4.597256273814e-05,2.53035224842541e-05,8.35249924601365e-05
202,-0.140071775,1.146609911,-0.12971624,-1.161018863,0.271415828,4.597256273814e-05,2.53035224842541e-05,8.35249924601365e-05
203,-0.196790175,-1.368744155,-0.232904202,-1.364392811,0.009826128,3.92506415396916e-05,1.96179714644875e-05,7.85306913136345e-05
204,0.298186514,-1.251368047,0.99490722,-1.240225595,0.009826128,3.92506415396916e-05,1.96179714644875e-05,7.85306913136345e-05
205,0.297629359,-0.605002781,0.993445043,-0.913610134,0.009826128,3.92506415396916e-05,1.96179714644875e-05,7.85306913136345e-05
206,-0.108313928,-0.380341723,0.082612837,-0.701803062,0.009826128,3.92506415396916e-05,1.96179714644875e-05,7.85306913136345e-05
207,-0.196790175,0.467315601,-0.232904202,-1.014135245,0.009826128,3.92506415396916e-05,1.96179714644875e-05,7.85306913136345e-05
208,-0.190104313,0.089693823,-0.232904202,-1.257696746,0.009826128,3.92506415396916e-05,1.96179714644875e-05,7.85306913136345e-05
209,-0.093716461,0.546982643,-0.232904202,-1.286852816,0.009826128,3.92506415396916e-05,1.96179714644875e-05,7.85306913136345e-05
225,-0.196790175,-0.721316662,-0.232904202,1.822368033,-0.949336105,2.19848206027912e-05,6.85009396137151e-06,7.05584973961641e-05
226,-0.196790175,-0.360159406,-0.232904202,1.536619604,-0.949336105,2.19848206027912e-05,6.85009396137151e-06,7.05584973961641e-05
228,-0.196790175,-1.365557473,-0.232904202,0.946724711,0.271415828,4.597256273814e-05,2.53035224842541e-05,8.35249924601365e-05
229,-0.196790175,0.096067186,-0.232904202,0.678022462,0.271415828,4.597256273814e-05,2.53035224842541e-05,8.35249924601365e-05
230,-0.196790175,-0.900833063,-0.232904202,0.438109318,0.271415828,4.597256273814e-05,2.53035224842541e-05,8.35249924601365e-05
232,-0.196790175,2.890787012,-0.232904202,-0.048105738,0.271415828,4.597256273814e-05,2.53035224842541e-05,8.35249924601365e-05
233,-0.196790175,-0.120627167,-0.232904202,-0.225333924,0.271415828,4.597256273814e-05,2.53035224842541e-05,8.35249924601365e-05
234,-0.196790175,0.662234297,-0.232904202,-0.48775868,0.271415828,4.597256273814e-05,2.53035224842541e-05,8.35249924601365e-05
235,-0.196790175,0.173609774,-0.232904202,-0.713144691,0.271415828,4.597256273814e-05,2.53035224842541e-05,8.35249924601365e-05
236,-0.033989422,1.714901475,0.170865699,-1.018744816,0.271415828,4.597256273814e-05,2.53035224842541e-05,8.35249924601365e-05
237,-0.033989422,-0.140809485,0.170865699,-1.263662909,0.271415828,4.597256273814e-05,2.53035224842541e-05,8.35249924601365e-05
238,0.162352074,-0.566231488,0.657770841,-1.310047458,0.009826128,3.92506415396916e-05,1.96179714644875e-05,7.85306913136345e-05
239,0.637828331,-1.44150672,1.837330403,-1.168843533,0.009826128,3.92506415396916e-05,1.96179714644875e-05,7.85306913136345e-05
240,-0.196790175,0.575662778,-0.232904202,-0.881946855,0.009826128,3.92506415396916e-05,1.96179714644875e-05,7.85306913136345e-05
242,-0.190104313,0.212912181,-0.232904202,-0.77463405,0.009826128,3.92506415396916e-05,1.96179714644875e-05,7.85306913136345e-05
243,-0.132160171,-0.689980959,-0.232904202,-1.004901898,0.009826128,3.92506415396916e-05,1.96179714644875e-05,7.85306913136345e-05
244,-0.132160171,1.496082667,-0.232904202,-1.122185534,0.009826128,3.92506415396916e-05,1.96179714644875e-05,7.85306913136345e-05
261,-0.196790175,-0.717067753,-0.232904202,1.329989126,-0.949336105,2.19848206027912e-05,6.85009396137151e-06,7.05584973961641e-05
264,-0.196790175,-0.053175739,-0.232904202,0.449266279,0.271415828,4.597256273814e-05,2.53035224842541e-05,8.35249924601365e-05
265,-0.196790175,-0.13868503,-0.232904202,0.175922498,0.271415828,4.597256273814e-05,2.53035224842541e-05,8.35249924601365e-05
266,-0.196790175,0.07747821,-0.232904202,-0.059912585,0.271415828,4.597256273814e-05,2.53035224842541e-05,8.35249924601365e-05
267,-0.196790175,1.815281948,-0.232904202,-0.313946833,0.271415828,4.597256273814e-05,2.53035224842541e-05,8.35249924601365e-05
268,-0.196790175,1.691001363,-0.232904202,-0.541690899,0.271415828,4.597256273814e-05,2.53035224842541e-05,8.35249924601365e-05
269,-0.196790175,0.701536704,-0.232904202,-0.707094481,0.271415828,4.597256273814e-05,2.53035224842541e-05,8.35249924601365e-05
270,-0.096947961,0.488560145,-0.232904202,-0.988393146,0.271415828,4.597256273814e-05,2.53035224842541e-05,8.35249924601365e-05
271,-0.047472579,0.313823767,-0.232904202,-1.162852511,0.271415828,4.597256273814e-05,2.53035224842541e-05,8.35249924601365e-05
272,-0.178849777,0.883177559,-0.15551323,-1.272622807,1.535766044,9.86998504294945e-05,5.0418012301983e-05,0.000193217860641869
273,-0.102408082,-0.918890926,-0.008042175,-1.326505308,0.009826128,3.92506415396916e-05,1.96179714644875e-05,7.85306913136345e-05
274,-0.196790175,1.46421585,-0.232904202,-1.15566944,0.009826128,3.92506415396916e-05,1.96179714644875e-05,7.85306913136345e-05
275,-0.196790175,0.325508267,-0.232904202,-1.054396191,0.009826128,3.92506415396916e-05,1.96179714644875e-05,7.85306913136345e-05
276,-0.196790175,0.239467862,-0.232904202,-0.757926426,0.009826128,3.92506415396916e-05,1.96179714644875e-05,7.85306913136345e-05
277,-0.196790175,0.277708042,-0.232904202,-0.561228899,0.009826128,3.92506415396916e-05,1.96179714644875e-05,7.85306913136345e-05
278,-0.132160171,0.305325949,-0.232904202,-0.667930882,0.009826128,3.92506415396916e-05,1.96179714644875e-05,7.85306913136345e-05
279,-0.139514619,0.330288289,-0.232904202,-0.854770036,0.009826128,3.92506415396916e-05,1.96179714644875e-05,7.85306913136345e-05
296,-0.196790175,0.2994837,-0.232904202,1.090510422,-0.949336105,2.19848206027912e-05,6.85009396137151e-06,7.05584973961641e-05
297,-0.196790175,1.435535715,-0.232904202,0.829989156,-0.949336105,2.19848206027912e-05,6.85009396137151e-06,7.05584973961641e-05
298,-0.196790175,0.989400281,-0.232904202,0.542162041,0.271415828,4.597256273814e-05,2.53035224842541e-05,8.35249924601365e-05
300,-0.196790175,-0.133905008,-0.232904202,-0.044793571,0.271415828,4.597256273814e-05,2.53035224842541e-05,8.35249924601365e-05
301,-0.196790175,0.778017064,-0.232904202,-0.326061458,0.271415828,4.597256273814e-05,2.53035224842541e-05,8.35249924601365e-05
302,-0.196790175,0.40251974,-0.232904202,-0.553226664,0.271415828,4.597256273814e-05,2.53035224842541e-05,8.35249924601365e-05
303,-0.196790175,2.373482354,-0.232904202,-0.815528309,0.271415828,4.597256273814e-05,2.53035224842541e-05,8.35249924601365e-05
304,-0.196790175,-0.598098304,-0.232904202,-1.014973349,0.271415828,4.597256273814e-05,2.53035224842541e-05,8.35249924601365e-05
305,-0.117339842,0.057827006,-0.067260368,-1.207953862,0.271415828,4.597256273814e-05,2.53035224842541e-05,8.35249924601365e-05
306,0.42922942,-1.170107664,-0.232904202,-1.379866954,1.535766044,9.86998504294945e-05,5.0418012301983e-05,0.000193217860641869
307,1.841060725,-1.050075988,1.511369238,-1.143499178,1.535766044,9.86998504294945e-05,5.0418012301983e-05,0.000193217860641869
308,-0.112436876,0.047204734,0.190187332,-1.352809695,1.535766044,9.86998504294945e-05,5.0418012301983e-05,0.000193217860641869
309,-0.196790175,-1.618367553,-0.232904202,-1.341401776,0.009826128,3.92506415396916e-05,1.96179714644875e-05,7.85306913136345e-05
310,0.701455456,-0.17692521,0.537141189,-1.163983004,0.009826128,3.92506415396916e-05,1.96179714644875e-05,7.85306913136345e-05
311,-0.05192982,-0.853032838,-0.108723547,-0.967795679,0.009826128,3.92506415396916e-05,1.96179714644875e-05,7.85306913136345e-05
312,-0.05192982,0.727030157,-0.108723547,-0.881469799,0.009826128,3.92506415396916e-05,1.96179714644875e-05,7.85306913136345e-05
314,-0.139514619,-0.2077298,-0.232904202,-0.526158751,0.009826128,3.92506415396916e-05,1.96179714644875e-05,7.85306913136345e-05
330,-0.196790175,-1.262521433,-0.232904202,1.095865764,-0.949336105,2.19848206027912e-05,6.85009396137151e-06,7.05584973961641e-05
331,-0.196790175,-0.021840035,-0.232904202,0.869522088,-0.949336105,2.19848206027912e-05,6.85009396137151e-06,7.05584973961641e-05
332,-0.196790175,0.431199875,-0.232904202,0.590650136,-0.949336105,2.19848206027912e-05,6.85009396137151e-06,7.05584973961641e-05
333,-0.196790175,-0.465851015,-0.232904202,0.32781935,-0.949336105,2.19848206027912e-05,6.85009396137151e-06,7.05584973961641e-05
334,-0.196790175,0.223534453,-0.232904202,0.049941758,0.271415828,4.597256273814e-05,2.53035224842541e-05,8.35249924601365e-05
335,-0.196790175,-0.071764715,-0.232904202,-0.237458019,0.271415828,4.597256273814e-05,2.53035224842541e-05,8.35249924601365e-05
336,-0.196790175,1.133863184,-0.232904202,-0.529956261,0.271415828,4.597256273814e-05,2.53035224842541e-05,8.35249924601365e-05
337,-0.196790175,1.019142644,-0.232904202,-0.827652404,0.271415828,4.597256273814e-05,2.53035224842541e-05,8.35249924601365e-05
338,-0.013263249,0.110938367,-0.232904202,-1.025064924,0.271415828,4.597256273814e-05,2.53035224842541e-05,8.35249924601365e-05
339,-0.117339842,0.413142013,-0.067260368,-1.312278851,0.271415828,4.597256273814e-05,2.53035224842541e-05,8.35249924601365e-05
340,0.280914703,-0.42548638,0.7639876,-1.228817676,1.535766044,9.86998504294945e-05,5.0418012301983e-05,0.000193217860641869
341,0.634262538,-1.214721208,0.478445202,-1.184114069,1.535766044,9.86998504294945e-05,5.0418012301983e-05,0.000193217860641869
342,-0.196790175,-0.465319901,-0.232904202,-1.36344225,1.535766044,9.86998504294945e-05,5.0418012301983e-05,0.000193217860641869
343,-0.196790175,0.694101113,-0.232904202,-1.152955073,1.535766044,9.86998504294945e-05,5.0418012301983e-05,0.000193217860641869
344,-0.196790175,0.235218953,-0.232904202,-1.013957681,1.535766044,9.86998504294945e-05,5.0418012301983e-05,0.000193217860641869
345,0.013703064,-0.636869598,-0.052429709,-1.02545675,1.535766044,9.86998504294945e-05,5.0418012301983e-05,0.000193217860641869
346,-0.05192982,0.443415488,-0.108723547,-1.315772134,0.009826128,3.92506415396916e-05,1.96179714644875e-05,7.85306913136345e-05
347,-0.05192982,-0.241721071,-0.108723547,-1.119963612,0.009826128,3.92506415396916e-05,1.96179714644875e-05,7.85306913136345e-05
348,-0.018500508,-0.453635402,-0.080002201,-0.777441935,0.009826128,3.92506415396916e-05,1.96179714644875e-05,7.85306913136345e-05
367,-0.196790175,0.220878885,-0.232904202,0.367409103,-0.949336105,2.19848206027912e-05,6.85009396137151e-06,7.05584973961641e-05
368,-0.196790175,1.987893872,-0.232904202,0.092329925,-0.949336105,2.19848206027912e-05,6.85009396137151e-06,7.05584973961641e-05
369,-0.196790175,0.245841225,-0.232904202,-0.174306657,0.271415828,4.597256273814e-05,2.53035224842541e-05,8.35249924601365e-05
370,-0.196790175,-1.462220151,-0.232904202,-0.432442642,0.271415828,4.597256273814e-05,2.53035224842541e-05,8.35249924601365e-05
371,-0.196790175,-0.734594503,-0.232904202,-0.737217685,0.271415828,4.597256273814e-05,2.53035224842541e-05,8.35249924601365e-05
372,0.05069817,-0.216227617,-0.232904202,-0.977887254,0.271415828,4.597256273814e-05,2.53035224842541e-05,8.35249924601365e-05
373,0.167477902,-1.124963007,-0.232904202,-1.324024142,0.271415828,4.597256273814e-05,2.53035224842541e-05,8.35249924601365e-05
374,-0.023292042,-0.424424153,-0.227473256,-1.201111715,1.535766044,9.86998504294945e-05,5.0418012301983e-05,0.000193217860641869
375,-0.121797084,-1.088847282,-0.230606494,-1.074238418,1.535766044,9.86998504294945e-05,5.0418012301983e-05,0.000193217860641869
376,1.1776003,-0.501966741,0.943522122,-0.889783363,1.535766044,9.86998504294945e-05,5.0418012301983e-05,0.000193217860641869
377,2.013890272,-0.789299205,1.6593625,-1.032522628,1.535766044,9.86998504294945e-05,5.0418012301983e-05,0.000193217860641869
378,-0.196790175,-0.763274638,-0.232904202,-0.945217777,1.535766044,9.86998504294945e-05,5.0418012301983e-05,0.000193217860641869
379,-0.196790175,-0.17108296,-0.232904202,-0.683270077,1.535766044,9.86998504294945e-05,5.0418012301983e-05,0.000193217860641869
380,-0.196790175,1.369677628,-0.232904202,-0.98236306,1.535766044,9.86998504294945e-05,5.0418012301983e-05,0.000193217860641869
381,-0.196790175,0.304794836,-0.232904202,-1.212142014,1.535766044,9.86998504294945e-05,5.0418012301983e-05,0.000193217860641869
382,-0.05192982,-0.27836791,-0.108723547,-1.066083479,0.009826128,3.92506415396916e-05,1.96179714644875e-05,7.85306913136345e-05
383,-0.018500508,0.403581968,-0.080002201,-0.74946134,0.009826128,3.92506415396916e-05,1.96179714644875e-05,7.85306913136345e-05
400,-0.196790175,-1.636956529,-0.232904202,0.553404233,-0.949336105,2.19848206027912e-05,6.85009396137151e-06,7.05584973961641e-05
402,-0.196790175,-0.254467797,-0.232904202,0.117797392,-0.949336105,2.19848206027912e-05,6.85009396137151e-06,7.05584973961641e-05
403,-0.196790175,0.247434566,-0.232904202,-0.134615101,-0.949336105,2.19848206027912e-05,6.85009396137151e-06,7.05584973961641e-05
404,-0.196790175,1.361710923,-0.232904202,-0.402248412,-0.949336105,2.19848206027912e-05,6.85009396137151e-06,7.05584973961641e-05
405,0.669586178,0.433855443,-0.232904202,-0.6762989,0.271415828,4.597256273814e-05,2.53035224842541e-05,8.35249924601365e-05
406,0.289606324,2.243890633,-0.232904202,-0.879427808,0.271415828,4.597256273814e-05,2.53035224842541e-05,8.35249924601365e-05
407,-0.196790175,0.964969055,-0.232904202,-1.225623885,0.271415828,4.597256273814e-05,2.53035224842541e-05,8.35249924601365e-05
408,-0.196790175,-1.593405213,-0.232904202,-1.329171142,1.535766044,9.86998504294945e-05,5.0418012301983e-05,0.000193217860641869
409,-0.196790175,-0.8944597,-0.232904202,-1.188141229,1.535766044,9.86998504294945e-05,5.0418012301983e-05,0.000193217860641869
410,-0.085916288,-1.160016506,-0.078122258,-1.213693926,1.535766044,9.86998504294945e-05,5.0418012301983e-05,0.000193217860641869
411,0.695215318,-1.551447238,0.53056139,-0.931181905,1.535766044,9.86998504294945e-05,5.0418012301983e-05,0.000193217860641869
412,-0.196790175,-1.124431894,-0.232904202,-0.6797034,1.535766044,9.86998504294945e-05,5.0418012301983e-05,0.000193217860641869
413,-0.196790175,-0.992715718,-0.232904202,-0.629143721,1.535766044,9.86998504294945e-05,5.0418012301983e-05,0.000193217860641869
415,-0.196790175,3.380473762,-0.232904202,-0.736039841,1.535766044,9.86998504294945e-05,5.0418012301983e-05,0.000193217860641869
416,-0.196790175,1.081282936,-0.232904202,-0.8602331,1.535766044,9.86998504294945e-05,5.0418012301983e-05,0.000193217860641869
417,-0.018500508,-0.324043681,-0.080002201,-0.787802224,0.009826128,3.92506415396916e-05,1.96179714644875e-05,7.85306913136345e-05
418,-0.131603015,-0.539144693,-0.177028129,-0.565865696,0.009826128,3.92506415396916e-05,1.96179714644875e-05,7.85306913136345e-05
419,-0.131603015,0.872555287,-0.177028129,-0.276441685,0.009826128,3.92506415396916e-05,1.96179714644875e-05,7.85306913136345e-05
431,-0.196790175,-1.121776326,-0.232904202,1.357808728,-0.949336105,2.19848206027912e-05,6.85009396137151e-06,7.05584973961641e-05
432,-0.196790175,-1.316163908,-0.232904202,1.05870154,-0.949336105,2.19848206027912e-05,6.85009396137151e-06,7.05584973961641e-05
434,-0.196790175,-0.537020239,-0.232904202,0.517222533,-0.949336105,2.19848206027912e-05,6.85009396137151e-06,7.05584973961641e-05
435,-0.196790175,-0.771772455,-0.232904202,0.292582292,-0.949336105,2.19848206027912e-05,6.85009396137151e-06,7.05584973961641e-05
438,-0.196790175,-0.266683411,-0.232904202,-0.377617866,-0.949336105,2.19848206027912e-05,6.85009396137151e-06,7.05584973961641e-05
439,-0.196790175,3.533434482,-0.232904202,-0.636387163,-0.949336105,2.19848206027912e-05,6.85009396137151e-06,7.05584973961641e-05
440,-0.196790175,0.116780617,-0.232904202,-0.883189806,-0.949336105,2.19848206027912e-05,6.85009396137151e-06,7.05584973961641e-05
441,0.100730708,-0.172145188,-0.232904202,-1.177418709,-0.949336105,2.19848206027912e-05,6.85009396137151e-06,7.05584973961641e-05
442,-0.196790175,-1.214721208,-0.232904202,-1.166944778,0.271415828,4.597256273814e-05,2.53035224842541e-05,8.35249924601365e-05
443,-0.111211135,-0.589600487,-0.230188729,-1.139802288,1.535766044,9.86998504294945e-05,5.0418012301983e-05,0.000193217860641869
444,3.7018477,0.026491303,7.32655401,-1.330837879,1.535766044,9.86998504294945e-05,5.0418012301983e-05,0.000193217860641869
445,-0.022512025,-1.439382266,0.010548369,-1.252678777,1.535766044,9.86998504294945e-05,5.0418012301983e-05,0.000193217860641869
446,-0.143971861,-0.853032838,-0.159168674,-0.947696575,1.535766044,9.86998504294945e-05,5.0418012301983e-05,0.000193217860641869
447,-0.196790175,-0.778145819,-0.232904202,-0.602658219,1.535766044,9.86998504294945e-05,5.0418012301983e-05,0.000193217860641869
448,-0.196790175,1.199190158,-0.232904202,-0.290223048,1.535766044,9.86998504294945e-05,5.0418012301983e-05,0.000193217860641869
451,-0.196790175,0.156614138,-0.232904202,-0.505906942,1.535766044,9.86998504294945e-05,5.0418012301983e-05,0.000193217860641869
452,-0.196790175,0.734465748,-0.232904202,-0.459069012,1.535766044,9.86998504294945e-05,5.0418012301983e-05,0.000193217860641869
453,-0.131603015,-0.695292095,-0.177028129,-0.298905946,0.009826128,3.92506415396916e-05,1.96179714644875e-05,7.85306913136345e-05
454,-0.131603015,0.134307366,-0.177028129,-0.064191887,0.009826128,3.92506415396916e-05,1.96179714644875e-05,7.85306913136345e-05
461,-0.196790175,0.676574364,-0.232904202,1.865371757,-0.949336105,2.19848206027912e-05,6.85009396137151e-06,7.05584973961641e-05
462,-0.196790175,2.781377608,-0.232904202,1.674636841,-0.949336105,2.19848206027912e-05,6.85009396137151e-06,7.05584973961641e-05
463,-0.196790175,-0.920484267,-0.232904202,1.514338827,-0.949336105,2.19848206027912e-05,6.85009396137151e-06,7.05584973961641e-05
466,-0.196790175,-0.202418664,-0.232904202,1.194695727,-0.949336105,2.19848206027912e-05,6.85009396137151e-06,7.05584973961641e-05
467,-0.196790175,-0.179580778,-0.232904202,0.874686844,-0.949336105,2.19848206027912e-05,6.85009396137151e-06,7.05584973961641e-05
469,-0.196790175,1.919380216,-0.232904202,0.276397891,-0.949336105,2.19848206027912e-05,6.85009396137151e-06,7.05584973961641e-05
470,-0.196790175,-0.72237889,-0.232904202,0.015266987,-0.949336105,2.19848206027912e-05,6.85009396137151e-06,7.05584973961641e-05
471,-0.196790175,0.69516334,-0.232904202,-0.198645998,-0.949336105,2.19848206027912e-05,6.85009396137151e-06,7.05584973961641e-05
472,-0.196790175,0.377026287,-0.232904202,-0.45046661,-0.949336105,2.19848206027912e-05,6.85009396137151e-06,7.05584973961641e-05
473,-0.196790175,-0.605533895,-0.232904202,-0.675671505,-0.949336105,2.19848206027912e-05,6.85009396137151e-06,7.05584973961641e-05
474,-0.196790175,-0.522149058,-0.232904202,-0.862801864,-0.949336105,2.19848206027912e-05,6.85009396137151e-06,7.05584973961641e-05
475,-0.196790175,1.88326449,-0.232904202,-1.136692544,-0.949336105,2.19848206027912e-05,6.85009396137151e-06,7.05584973961641e-05
476,-0.196790175,-0.638994052,-0.232904202,-1.227555785,-0.949336105,2.19848206027912e-05,6.85009396137151e-06,7.05584973961641e-05
477,1.512896306,0.091287164,-0.232904202,-1.214827971,1.535766044,9.86998504294945e-05,5.0418012301983e-05,0.000193217860641869
478,0.605067605,0.100316095,1.583329265,-1.143930068,1.535766044,9.86998504294945e-05,5.0418012301983e-05,0.000193217860641869
479,-0.196790175,-1.491431399,-0.232904202,-1.160178392,1.535766044,9.86998504294945e-05,5.0418012301983e-05,0.000193217860641869
480,0.405048884,-0.287927955,1.13026309,-1.064267587,1.535766044,9.86998504294945e-05,5.0418012301983e-05,0.000193217860641869
481,-0.196790175,-0.748403456,-0.232904202,-0.769943983,1.535766044,9.86998504294945e-05,5.0418012301983e-05,0.000193217860641869
482,-0.196790175,-0.898708609,-0.232904202,-0.47346238,1.535766044,9.86998504294945e-05,5.0418012301983e-05,0.000193217860641869
485,-0.196790175,0.527331439,-0.232904202,-0.090283196,1.535766044,9.86998504294945e-05,5.0418012301983e-05,0.000193217860641869
486,-0.196790175,-0.569949283,-0.232904202,-0.151142793,1.535766044,9.86998504294945e-05,5.0418012301983e-05,0.000193217860641869
487,-0.130154412,0.139087389,-0.175774834,-0.116717796,1.535766044,9.86998504294945e-05,5.0418012301983e-05,0.000193217860641869
488,-0.196790175,1.397826649,-0.232904202,0.006244349,0.009826128,3.92506415396916e-05,1.96179714644875e-05,7.85306913136345e-05
489,-0.131603015,1.49502044,-0.177028129,0.198032814,0.009826128,3.92506415396916e-05,1.96179714644875e-05,7.85306913136345e-05
494,-0.196790175,0.466784487,-0.232904202,2.072095752,-0.949336105,2.19848206027912e-05,6.85009396137151e-06,7.05584973961641e-05
495,-0.196790175,1.072785119,-0.232904202,1.816839862,-0.949336105,2.19848206027912e-05,6.85009396137151e-06,7.05584973961641e-05
496,-0.196790175,-0.986342355,-0.232904202,1.581764755,-0.949336105,2.19848206027912e-05,6.85009396137151e-06,7.05584973961641e-05
497,-0.196790175,-0.865779565,-0.232904202,1.371919177,-0.949336105,2.19848206027912e-05,6.85009396137151e-06,7.05584973961641e-05
499,-0.196790175,0.78917045,-0.232904202,1.052672638,-0.949336105,2.19848206027912e-05,6.85009396137151e-06,7.05584973961641e-05
502,-0.196790175,-0.127531644,-0.232904202,0.733360991,-0.949336105,2.19848206027912e-05,6.85009396137151e-06,7.05584973961641e-05
503,-0.196790175,0.758896974,-0.232904202,0.401764258,-0.949336105,2.19848206027912e-05,6.85009396137151e-06,7.05584973961641e-05
505,-0.196790175,0.795543813,-0.232904202,-0.221289007,-0.949336105,2.19848206027912e-05,6.85009396137151e-06,7.05584973961641e-05
506,-0.196790175,-0.503028968,-0.232904202,-0.486404455,-0.949336105,2.19848206027912e-05,6.85009396137151e-06,7.05584973961641e-05
507,-0.196790175,0.501837986,-0.232904202,-0.675613501,-0.949336105,2.19848206027912e-05,6.85009396137151e-06,7.05584973961641e-05
508,-0.196790175,-0.334134839,-0.232904202,-0.951514209,-0.949336105,2.19848206027912e-05,6.85009396137151e-06,7.05584973961641e-05
509,-0.196790175,0.72012568,-0.232904202,-1.146880004,-0.949336105,2.19848206027912e-05,6.85009396137151e-06,7.05584973961641e-05
510,-0.196790175,0.170954206,-0.232904202,-1.239602936,-0.949336105,2.19848206027912e-05,6.85009396137151e-06,7.05584973961641e-05
511,-0.196790175,-0.770710228,-0.232904202,-1.419282694,1.535766044,9.86998504294945e-05,5.0418012301983e-05,0.000193217860641869
512,-0.196790175,-0.419113017,-0.232904202,-1.234450018,1.535766044,9.86998504294945e-05,5.0418012301983e-05,0.000193217860641869
513,-0.196790175,1.45093801,-0.232904202,-1.270662497,1.535766044,9.86998504294945e-05,5.0418012301983e-05,0.000193217860641869
514,-0.196790175,-1.319350589,-0.232904202,-1.247486794,1.535766044,9.86998504294945e-05,5.0418012301983e-05,0.000193217860641869
515,-0.196790175,0.370652924,-0.232904202,-0.916896259,1.535766044,9.86998504294945e-05,5.0418012301983e-05,0.000193217860641869
516,-0.196790175,-0.738843411,-0.232904202,-0.567018681,1.535766044,9.86998504294945e-05,5.0418012301983e-05,0.000193217860641869
520,-0.196790175,-1.018740285,-0.232904202,0.251986341,1.535766044,9.86998504294945e-05,5.0418012301983e-05,0.000193217860641869
521,-0.196790175,0.548575984,-0.232904202,0.203778797,1.535766044,9.86998504294945e-05,5.0418012301983e-05,0.000193217860641869
522,-0.196790175,-0.740967866,-0.232904202,0.230946146,1.535766044,9.86998504294945e-05,5.0418012301983e-05,0.000193217860641869
523,-0.130154412,-0.966160037,-0.175774834,0.330040088,1.535766044,9.86998504294945e-05,5.0418012301983e-05,0.000193217860641869
524,-0.130154412,1.165198887,-0.175774834,0.490064653,1.535766044,9.86998504294945e-05,5.0418012301983e-05,0.000193217860641869
528,-0.196790175,2.375606808,-0.232904202,2.133659688,-0.949336105,2.19848206027912e-05,6.85009396137151e-06,7.05584973961641e-05
529,-0.196790175,1.065880642,-0.232904202,1.845058392,-0.949336105,2.19848206027912e-05,6.85009396137151e-06,7.05584973961641e-05
530,-0.196790175,-0.872152928,-0.232904202,1.570670532,-0.949336105,2.19848206027912e-05,6.85009396137151e-06,7.05584973961641e-05
531,-0.196790175,1.038793847,-0.232904202,1.314736346,-0.949336105,2.19848206027912e-05,6.85009396137151e-06,7.05584973961641e-05
532,-0.196790175,0.817319471,-0.232904202,1.08285503,-0.949336105,2.19848206027912e-05,6.85009396137151e-06,7.05584973961641e-05
533,-0.196790175,-0.669798642,-0.232904202,0.882217941,-0.949336105,2.19848206027912e-05,6.85009396137151e-06,7.05584973961641e-05
534,-0.196790175,-0.805232613,-0.232904202,0.721503242,-0.949336105,2.19848206027912e-05,6.85009396137151e-06,7.05584973961641e-05
535,-0.196790175,-0.788768091,-0.232904202,0.610081598,-0.949336105,2.19848206027912e-05,6.85009396137151e-06,7.05584973961641e-05
537,-0.196790175,-0.752121252,-0.232904202,0.52120471,-0.949336105,2.19848206027912e-05,6.85009396137151e-06,7.05584973961641e-05
538,-0.196790175,-0.288459069,-0.232904202,0.294771068,-0.949336105,2.19848206027912e-05,6.85009396137151e-06,7.05584973961641e-05
539,-0.196790175,0.147054093,-0.232904202,-0.050572699,-0.949336105,2.19848206027912e-05,6.85009396137151e-06,7.05584973961641e-05
540,-0.196790175,2.071278709,-0.232904202,-0.389428264,-0.949336105,2.19848206027912e-05,6.85009396137151e-06,7.05584973961641e-05
541,-0.196790175,0.843344038,-0.232904202,-0.712781276,-0.949336105,2.19848206027912e-05,6.85009396137151e-06,7.05584973961641e-05
542,-0.196790175,1.158825524,-0.232904202,-0.986866092,-0.949336105,2.19848206027912e-05,6.85009396137151e-06,7.05584973961641e-05
543,-0.074550322,0.11571839,-0.232904202,-1.078431305,-0.949336105,2.19848206027912e-05,6.85009396137151e-06,7.05584973961641e-05
544,0.204918732,-1.307134976,-0.125329707,-1.400308165,-0.949336105,2.19848206027912e-05,6.85009396137151e-06,7.05584973961641e-05
545,-0.035438026,-0.12540719,0.088461547,-1.239997129,1.535766044,9.86998504294945e-05,5.0418012301983e-05,0.000193217860641869
546,5.465689667,-1.095220645,2.787745845,-1.250435547,1.535766044,9.86998504294945e-05,5.0418012301983e-05,0.000193217860641869
547,-0.196790175,-0.658114142,-0.232904202,-1.250441466,1.535766044,9.86998504294945e-05,5.0418012301983e-05,0.000193217860641869
548,3.187036285,-0.821166021,1.572258491,-1.135320563,1.535766044,9.86998504294945e-05,5.0418012301983e-05,0.000193217860641869
549,3.663849714,-0.085042555,1.826572953,-0.949031859,1.535766044,9.86998504294945e-05,5.0418012301983e-05,0.000193217860641869
550,-0.196790175,1.514671644,-0.232904202,-0.747205089,1.535766044,9.86998504294945e-05,5.0418012301983e-05,0.000193217860641869
553,-0.196790175,-0.827008271,-0.232904202,0.20433043,1.535766044,9.86998504294945e-05,5.0418012301983e-05,0.000193217860641869
554,-0.196790175,-1.127087462,-0.232904202,0.504667548,1.535766044,9.86998504294945e-05,5.0418012301983e-05,0.000193217860641869
555,-0.196790175,1.115805321,-0.232904202,0.598640533,1.535766044,9.86998504294945e-05,5.0418012301983e-05,0.000193217860641869
556,-0.196790175,-0.916766471,-0.232904202,0.558772596,1.535766044,9.86998504294945e-05,5.0418012301983e-05,0.000193217860641869
557,-0.196790175,-0.473286606,-0.232904202,0.581196609,1.535766044,9.86998504294945e-05,5.0418012301983e-05,0.000193217860641869
558,-0.130154412,-0.760087956,-0.175774834,0.663927402,1.535766044,9.86998504294945e-05,5.0418012301983e-05,0.000193217860641869
559,-0.130154412,-0.721847776,-0.175774834,0.800322884,1.535766044,9.86998504294945e-05,5.0418012301983e-05,0.000193217860641869
562,-0.196790175,-1.416013267,-0.232904202,2.262770296,-0.949336105,2.19848206027912e-05,6.85009396137151e-06,7.05584973961641e-05
566,-0.196790175,0.130058457,0.393952225,1.069566112,-0.949336105,2.19848206027912e-05,6.85009396137151e-06,7.05584973961641e-05
567,-0.196790175,-0.151431757,-0.232904202,0.812687284,-0.949336105,2.19848206027912e-05,6.85009396137151e-06,7.05584973961641e-05
568,-0.196790175,1.151389933,-0.232904202,0.585580082,-0.949336105,2.19848206027912e-05,6.85009396137151e-06,7.05584973961641e-05
569,-0.196790175,0.12156064,-0.232904202,0.39925113,-0.949336105,2.19848206027912e-05,6.85009396137151e-06,7.05584973961641e-05
570,-0.196790175,-0.592787168,-0.232904202,0.267031962,-0.949336105,2.19848206027912e-05,6.85009396137151e-06,7.05584973961641e-05
572,-0.196790175,-1.23277907,-0.232904202,0.166079513,-0.949336105,2.19848206027912e-05,6.85009396137151e-06,7.05584973961641e-05
573,-0.196790175,-0.770710228,-0.232904202,0.144490052,-0.949336105,2.19848206027912e-05,6.85009396137151e-06,7.05584973961641e-05
574,-0.196790175,-0.008562195,-0.232904202,-0.098729341,-0.949336105,2.19848206027912e-05,6.85009396137151e-06,7.05584973961641e-05
575,-0.196790175,0.517771394,-0.232904202,-0.453847435,-0.949336105,2.19848206027912e-05,6.85009396137151e-06,7.05584973961641e-05
576,-0.196790175,-1.094689531,-0.232904202,-0.808954876,-0.949336105,2.19848206027912e-05,6.85009396137151e-06,7.05584973961641e-05
577,-0.196790175,0.068980392,-0.232904202,-1.164007863,-0.949336105,2.19848206027912e-05,6.85009396137151e-06,7.05584973961641e-05
578,2.038850825,-0.760087956,-0.232904202,-1.378336349,-0.949336105,2.19848206027912e-05,6.85009396137151e-06,7.05584973961641e-05
579,-0.196790175,4.419331987,-0.232904202,-1.053788921,1.535766044,9.86998504294945e-05,5.0418012301983e-05,0.000193217860641869
580,-0.196790175,0.03923803,-0.232904202,-1.248255056,1.535766044,9.86998504294945e-05,5.0418012301983e-05,0.000193217860641869
581,-0.196790175,-0.331479271,-0.232904202,-1.372502768,1.535766044,9.86998504294945e-05,5.0418012301983e-05,0.000193217860641869
582,8.244334137,-1.235434639,4.270080612,-1.029313448,1.535766044,9.86998504294945e-05,5.0418012301983e-05,0.000193217860641869
583,3.639557747,-1.288014886,1.813622237,-0.803099987,1.535766044,9.86998504294945e-05,5.0418012301983e-05,0.000193217860641869
584,1.383747728,-0.682014255,0.610250069,-0.639580954,1.535766044,9.86998504294945e-05,5.0418012301983e-05,0.000193217860641869
585,-0.196790175,1.393046626,-0.232904202,-0.472213511,1.535766044,9.86998504294945e-05,5.0418012301983e-05,0.000193217860641869
586,-0.196790175,0.72596793,-0.232904202,-0.245301629,1.535766044,9.86998504294945e-05,5.0418012301983e-05,0.000193217860641869
589,-0.196790175,-0.671923096,-0.232904202,0.6596919,1.535766044,9.86998504294945e-05,5.0418012301983e-05,0.000193217860641869
590,-0.196790175,-0.313421408,-0.232904202,0.947777076,1.535766044,9.86998504294945e-05,5.0418012301983e-05,0.000193217860641869
591,-0.196790175,-0.870559587,-0.232904202,0.913807827,1.535766044,9.86998504294945e-05,5.0418012301983e-05,0.000193217860641869
592,-0.196790175,-0.055300193,-0.232904202,0.932891262,1.535766044,9.86998504294945e-05,5.0418012301983e-05,0.000193217860641869
593,-0.130154412,-1.296512704,-0.175774834,1.003789166,1.535766044,9.86998504294945e-05,5.0418012301983e-05,0.000193217860641869
598,-0.196790175,0.584160596,0.393952225,1.79099004,-0.949336105,2.19848206027912e-05,6.85009396137151e-06,7.05584973961641e-05
600,-0.196790175,-0.217820958,0.393952225,1.154940247,-0.949336105,2.19848206027912e-05,6.85009396137151e-06,7.05584973961641e-05
601,-0.196790175,-0.776552478,0.393952225,0.853246538,-0.949336105,2.19848206027912e-05,6.85009396137151e-06,7.05584973961641e-05
602,-0.196790175,0.03923803,-0.232904202,0.569019244,-0.949336105,2.19848206027912e-05,6.85009396137151e-06,7.05584973961641e-05
603,-0.196790175,-0.779208046,-0.232904202,0.310741208,-0.949336105,2.19848206027912e-05,6.85009396137151e-06,7.05584973961641e-05
604,-0.196790175,-0.344757111,-0.232904202,0.091522599,-0.949336105,2.19848206027912e-05,6.85009396137151e-06,7.05584973961641e-05
609,-0.196790175,0.910264353,-0.232904202,-0.257424541,-0.949336105,2.19848206027912e-05,6.85009396137151e-06,7.05584973961641e-05
610,-0.196790175,1.948060351,-0.232904202,-0.499451885,-0.949336105,2.19848206027912e-05,6.85009396137151e-06,7.05584973961641e-05
611,-0.196790175,1.044636097,-0.232904202,-0.854405437,-0.949336105,2.19848206027912e-05,6.85009396137151e-06,7.05584973961641e-05
612,1.286468428,1.718619271,0.06381341,-1.2088405,-0.949336105,2.19848206027912e-05,6.85009396137151e-06,7.05584973961641e-05
613,-0.196790175,-1.509489262,-0.232904202,-1.330653212,1.535766044,9.86998504294945e-05,5.0418012301983e-05,0.000193217860641869
614,-0.196790175,-1.328910634,-0.232904202,-1.037117994,1.535766044,9.86998504294945e-05,5.0418012301983e-05,0.000193217860641869
615,15.53181287,-0.896584154,11.66681934,-1.29089063,1.535766044,9.86998504294945e-05,5.0418012301983e-05,0.000193217860641869
616,0.971341441,-1.317226135,0.650877718,-1.084982247,1.535766044,9.86998504294945e-05,5.0418012301983e-05,0.000193217860641869
617,5.390139421,0.165111956,2.74743152,-0.871167514,1.535766044,9.86998504294945e-05,5.0418012301983e-05,0.000193217860641869
618,-0.196790175,0.303201495,-0.232904202,-0.579277726,1.535766044,9.86998504294945e-05,5.0418012301983e-05,0.000193217860641869
621,-0.196790175,-0.668736415,-0.232904202,0.021619057,1.535766044,9.86998504294945e-05,5.0418012301983e-05,0.000193217860641869
622,-0.196790175,0.305857063,-0.232904202,0.256792416,1.535766044,9.86998504294945e-05,5.0418012301983e-05,0.000193217860641869
624,-0.196790175,0.755179179,-0.232904202,0.822658115,1.535766044,9.86998504294945e-05,5.0418012301983e-05,0.000193217860641869
627,-0.196790175,-1.168514323,-0.232904202,1.285473737,1.535766044,9.86998504294945e-05,5.0418012301983e-05,0.000193217860641869
628,-0.196790175,-0.712818845,-0.232904202,1.347447255,1.535766044,9.86998504294945e-05,5.0418012301983e-05,0.000193217860641869
631,-0.196790175,-1.116996303,-0.232904202,2.350060942,-0.949336105,2.19848206027912e-05,6.85009396137151e-06,7.05584973961641e-05
633,-0.196790175,2.628948001,0.029034472,1.666591991,-0.949336105,2.19848206027912e-05,6.85009396137151e-06,7.05584973961641e-05
634,-0.196790175,-0.844003907,0.393952225,1.329900344,-0.949336105,2.19848206027912e-05,6.85009396137151e-06,7.05584973961641e-05
635,-0.196790175,0.869368605,0.393952225,0.998425538,-0.949336105,2.19848206027912e-05,6.85009396137151e-06,7.05584973961641e-05
636,-0.196790175,-0.706976595,0.393952225,0.674612042,-0.949336105,2.19848206027912e-05,6.85009396137151e-06,7.05584973961641e-05
637,-0.196790175,-0.35484827,-0.232904202,0.362572249,-0.949336105,2.19848206027912e-05,6.85009396137151e-06,7.05584973961641e-05
638,-0.196790175,-0.257654479,-0.232904202,0.069581562,-0.949336105,2.19848206027912e-05,6.85009396137151e-06,7.05584973961641e-05
643,-0.196790175,-1.488775831,-0.232904202,-0.528631631,-0.949336105,2.19848206027912e-05,6.85009396137151e-06,7.05584973961641e-05
644,-0.196790175,-1.005993558,-0.232904202,-0.612395849,-0.949336105,2.19848206027912e-05,6.85009396137151e-06,7.05584973961641e-05
646,-0.196790175,-0.589600487,-0.232904202,-0.768646579,-0.949336105,2.19848206027912e-05,6.85009396137151e-06,7.05584973961641e-05
647,-0.196790175,0.533173689,-0.232904202,-1.040341379,-0.949336105,2.19848206027912e-05,6.85009396137151e-06,7.05584973961641e-05
648,-0.196790175,-0.966691151,-0.232904202,-1.097829621,-0.949336105,2.19848206027912e-05,6.85009396137151e-06,7.05584973961641e-05
649,-0.196790175,0.442353261,-0.232904202,-0.872956179,1.535766044,9.86998504294945e-05,5.0418012301983e-05,0.000193217860641869
650,5.346792745,-0.104162645,3.961247814,-0.937269995,1.535766044,9.86998504294945e-05,5.0418012301983e-05,0.000193217860641869
651,4.92502625,-1.461689037,3.642075331,-0.84122069,1.535766044,9.86998504294945e-05,5.0418012301983e-05,0.000193217860641869
652,-0.196790175,2.460584986,-0.232904202,-0.595108181,1.535766044,9.86998504294945e-05,5.0418012301983e-05,0.000193217860641869
653,-0.196790175,-0.637400712,-0.232904202,-0.369002442,1.535766044,9.86998504294945e-05,5.0418012301983e-05,0.000193217860641869
655,-0.196790175,-1.56791176,-0.232904202,0.144629736,1.535766044,9.86998504294945e-05,5.0418012301983e-05,0.000193217860641869
656,-0.196790175,0.926728875,-0.232904202,0.319836055,1.535766044,9.86998504294945e-05,5.0418012301983e-05,0.000193217860641869
658,-0.196790175,-1.183916618,-0.232904202,0.758948018,1.535766044,9.86998504294945e-05,5.0418012301983e-05,0.000193217860641869
661,-0.196790175,-1.089378395,-0.232904202,1.614679271,1.535766044,9.86998504294945e-05,5.0418012301983e-05,0.000193217860641869
662,-0.196790175,-0.200825323,-0.232904202,1.638639807,1.535766044,9.86998504294945e-05,5.0418012301983e-05,0.000193217860641869
666,-0.196790175,-1.439382266,0.029034472,2.278528542,-0.949336105,2.19848206027912e-05,6.85009396137151e-06,7.05584973961641e-05
667,-0.196790175,-1.120182985,0.029034472,1.928185746,-0.949336105,2.19848206027912e-05,6.85009396137151e-06,7.05584973961641e-05
669,-0.196790175,0.852904083,0.029034472,1.231278723,-0.949336105,2.19848206027912e-05,6.85009396137151e-06,7.05584973961641e-05
670,-0.196790175,0.079071551,0.393952225,0.885844989,-0.949336105,2.19848206027912e-05,6.85009396137151e-06,7.05584973961641e-05
671,-0.196790175,0.032333553,-0.232904202,0.54382286,-0.949336105,2.19848206027912e-05,6.85009396137151e-06,7.05584973961641e-05
672,-0.196790175,-1.638018756,1.492047606,0.207325349,-0.949336105,2.19848206027912e-05,6.85009396137151e-06,7.05584973961641e-05
673,-0.196790175,-0.010155536,-0.232904202,-0.119445185,-0.949336105,2.19848206027912e-05,6.85009396137151e-06,7.05584973961641e-05
674,-0.196790175,0.511929144,-0.232904202,-0.427115711,-0.949336105,2.19848206027912e-05,6.85009396137151e-06,7.05584973961641e-05
676,-0.196790175,0.757303633,-0.232904202,-0.854037287,-0.949336105,2.19848206027912e-05,6.85009396137151e-06,7.05584973961641e-05
677,-0.196790175,0.081196005,-0.232904202,-0.899275954,-0.949336105,2.19848206027912e-05,6.85009396137151e-06,7.05584973961641e-05
679,-0.196790175,-0.454166516,-0.232904202,-0.967137507,-0.949336105,2.19848206027912e-05,6.85009396137151e-06,7.05584973961641e-05
681,-0.196790175,-0.76221241,-0.232904202,-0.754607156,-0.949336105,2.19848206027912e-05,6.85009396137151e-06,7.05584973961641e-05
682,-0.196790175,-0.840817225,-0.232904202,-0.793767203,-0.949336105,2.19848206027912e-05,6.85009396137151e-06,7.05584973961641e-05
683,-0.196790175,-0.030337853,-0.232904202,-0.752688277,-0.818541255,2.37929834990989e-05,7.95312250664507e-06,7.11803525364278e-05
684,-0.196790175,1.753141655,-0.232904202,-0.616311735,1.535766044,9.86998504294945e-05,5.0418012301983e-05,0.000193217860641869
685,-0.196790175,0.785983768,-0.232904202,-0.58241588,1.535766044,9.86998504294945e-05,5.0418012301983e-05,0.000193217860641869
686,-0.196790175,0.383930764,-0.232904202,-0.522445288,1.535766044,9.86998504294945e-05,5.0418012301983e-05,0.000193217860641869
687,-0.196790175,3.196708452,-0.232904202,-0.345256167,1.535766044,9.86998504294945e-05,5.0418012301983e-05,0.000193217860641869
688,-0.196790175,1.313379585,-0.232904202,-0.096744171,1.535766044,9.86998504294945e-05,5.0418012301983e-05,0.000193217860641869
691,-0.196790175,2.103676639,-0.232904202,0.635962197,1.535766044,9.86998504294945e-05,5.0418012301983e-05,0.000193217860641869
692,-0.196790175,-1.190821095,-0.232904202,0.808009054,1.535766044,9.86998504294945e-05,5.0418012301983e-05,0.000193217860641869
696,-0.196790175,1.780759563,-0.232904202,1.807445523,1.535766044,9.86998504294945e-05,5.0418012301983e-05,0.000193217860641869
703,-0.196790175,0.691976659,0.029034472,1.531328186,-0.949336105,2.19848206027912e-05,6.85009396137151e-06,7.05584973961641e-05
704,-0.196790175,-0.051582398,0.029034472,1.177353606,-0.949336105,2.19848206027912e-05,6.85009396137151e-06,7.05584973961641e-05
705,-0.196790175,0.387648559,0.029034472,0.82373889,-0.949336105,2.19848206027912e-05,6.85009396137151e-06,7.05584973961641e-05
706,-0.196790175,-1.325723953,-0.232904202,0.47068291,-0.949336105,2.19848206027912e-05,6.85009396137151e-06,7.05584973961641e-05
707,-0.196790175,-1.286952659,1.492047606,0.118563286,-0.949336105,2.19848206027912e-05,6.85009396137151e-06,7.05584973961641e-05
708,-0.196790175,-1.323599498,-0.232904202,-0.231805553,-0.949336105,2.19848206027912e-05,6.85009396137151e-06,7.05584973961641e-05
709,-0.196790175,-0.38565286,-0.232904202,-0.578310592,-0.949336105,2.19848206027912e-05,6.85009396137151e-06,7.05584973961641e-05
710,-0.196790175,-0.162054029,-0.232904202,-0.913398241,-0.949336105,2.19848206027912e-05,6.85009396137151e-06,7.05584973961641e-05
711,-0.196790175,0.087038255,-0.232904202,-1.188497542,-0.949336105,2.19848206027912e-05,6.85009396137151e-06,7.05584973961641e-05
712,2.619517986,-0.472224378,-0.178490307,-1.254318288,-0.949336105,2.19848206027912e-05,6.85009396137151e-06,7.05584973961641e-05
713,0.867041985,-0.076013624,0.764196483,-1.055952839,-0.949336105,2.19848206027912e-05,6.85009396137151e-06,7.05584973961641e-05
714,0.240688097,1.215123566,0.177132175,-1.319731819,-0.949336105,2.19848206027912e-05,6.85009396137151e-06,7.05584973961641e-05
715,-0.196790175,0.759959201,-0.232904202,-1.100113099,-0.949336105,2.19848206027912e-05,6.85009396137151e-06,7.05584973961641e-05
716,-0.196790175,-1.522235989,-0.232904202,-1.063373846,-0.949336105,2.19848206027912e-05,6.85009396137151e-06,7.05584973961641e-05
717,-0.196790175,0.02755353,-0.232904202,-1.13938442,-0.818541255,2.37929834990989e-05,7.95312250664507e-06,7.11803525364278e-05
718,-0.196790175,-1.529140466,-0.232904202,-0.905677742,-0.818541255,2.37929834990989e-05,7.95312250664507e-06,7.11803525364278e-05
719,-0.196790175,-0.70485214,-0.232904202,-0.584849696,1.535766044,9.86998504294945e-05,5.0418012301983e-05,0.000193217860641869
720,-0.196790175,-1.205161163,-0.232904202,-0.244615047,1.535766044,9.86998504294945e-05,5.0418012301983e-05,0.000193217860641869
721,-0.196790175,1.051540574,-0.232904202,-0.18415201,1.535766044,9.86998504294945e-05,5.0418012301983e-05,0.000193217860641869
722,-0.196790175,0.982495805,-0.232904202,-0.049145081,1.535766044,9.86998504294945e-05,5.0418012301983e-05,0.000193217860641869
723,-0.196790175,-0.361221633,-0.232904202,0.154612405,1.535766044,9.86998504294945e-05,5.0418012301983e-05,0.000193217860641869
724,-0.196790175,1.492895985,-0.232904202,0.39972937,1.535766044,9.86998504294945e-05,5.0418012301983e-05,0.000193217860641869
730,-0.196790175,-0.14452728,-0.232904202,1.763326695,1.535766044,9.86998504294945e-05,5.0418012301983e-05,0.000193217860641869
737,-0.196790175,-1.259334751,0.029034472,1.880455258,-0.949336105,2.19848206027912e-05,6.85009396137151e-06,7.05584973961641e-05
738,-0.196790175,-0.463195447,0.029034472,1.525629553,-0.949336105,2.19848206027912e-05,6.85009396137151e-06,7.05584973961641e-05
739,-0.196790175,-0.706445481,0.029034472,1.170884344,-0.949336105,2.19848206027912e-05,6.85009396137151e-06,7.05584973961641e-05
740,-0.196790175,-1.196132231,0.029034472,0.816259879,-0.949336105,2.19848206027912e-05,6.85009396137151e-06,7.05584973961641e-05
741,-0.196790175,-1.455315674,1.492047606,0.461822448,-0.949336105,2.19848206027912e-05,6.85009396137151e-06,7.05584973961641e-05
742,-0.196790175,-0.502497854,1.492047606,0.107701081,-0.949336105,2.19848206027912e-05,6.85009396137151e-06,7.05584973961641e-05
743,-0.196790175,1.122709798,-0.232904202,-0.24582722,-0.949336105,2.19848206027912e-05,6.85009396137151e-06,7.05584973961641e-05
744,0.006014322,0.295765904,-0.210031566,-0.598022605,-0.949336105,2.19848206027912e-05,6.85009396137151e-06,7.05584973961641e-05
745,-0.196790175,-1.589687418,-0.232904202,-0.946074821,-0.818541255,2.37929834990989e-05,7.95312250664507e-06,7.11803525364278e-05
746,-0.196790175,-1.330503975,-0.232904202,-1.264788667,-0.818541255,2.37929834990989e-05,7.95312250664507e-06,7.11803525364278e-05
747,-0.196790175,-0.440888675,-0.232904202,-1.337375799,-0.818541255,2.37929834990989e-05,7.95312250664507e-06,7.11803525364278e-05
748,-0.196790175,0.346221698,-0.232904202,-1.142218347,-0.818541255,2.37929834990989e-05,7.95312250664507e-06,7.11803525364278e-05
749,-0.196790175,-0.297488,-0.232904202,-1.217941266,-0.818541255,2.37929834990989e-05,7.95312250664507e-06,7.11803525364278e-05
750,-0.196790175,-1.711843548,-0.232904202,-1.295411419,-0.818541255,2.37929834990989e-05,7.95312250664507e-06,7.11803525364278e-05
751,-0.196790175,-1.121245212,-0.232904202,-1.234576681,-0.818541255,2.37929834990989e-05,7.95312250664507e-06,7.11803525364278e-05
752,2.141144522,-0.10044485,1.497060786,-1.328159025,-0.818541255,2.37929834990989e-05,7.95312250664507e-06,7.11803525364278e-05
753,-0.196790175,-1.002806877,-0.232904202,-0.986482553,-0.818541255,2.37929834990989e-05,7.95312250664507e-06,7.11803525364278e-05
754,-0.196790175,2.571587731,-0.232904202,-0.63323362,1.535766044,9.86998504294945e-05,5.0418012301983e-05,0.000193217860641869
756,-0.196790175,0.295765904,-0.232904202,0.075885097,1.535766044,9.86998504294945e-05,5.0418012301983e-05,0.000193217860641869
764,-0.196790175,-1.52382933,-0.232904202,1.797243858,1.535766044,9.86998504294945e-05,5.0418012301983e-05,0.000193217860641869
773,-0.196790175,-0.756370161,0.029034472,1.562096541,-0.949336105,2.19848206027912e-05,6.85009396137151e-06,7.05584973961641e-05
774,-0.196790175,-0.541269148,0.029034472,1.212217779,-0.949336105,2.19848206027912e-05,6.85009396137151e-06,7.05584973961641e-05
775,-0.196790175,-0.361221633,0.029034472,0.863939464,-0.949336105,2.19848206027912e-05,6.85009396137151e-06,7.05584973961641e-05
776,-0.196790175,-0.184360801,-0.232904202,0.518111538,-0.949336105,2.19848206027912e-05,6.85009396137151e-06,7.05584973961641e-05
777,-0.196790175,0.621869662,-0.232904202,0.176300118,-0.949336105,2.19848206027912e-05,6.85009396137151e-06,7.05584973961641e-05
778,-0.019503387,0.442884375,-0.21285148,-0.158301005,-0.949336105,2.19848206027912e-05,6.85009396137151e-06,7.05584973961641e-05
779,-0.196790175,-1.255085842,-0.232904202,-0.478208084,-0.818541255,2.37929834990989e-05,7.95312250664507e-06,7.11803525364278e-05
780,-0.196790175,-0.607658349,-0.232904202,-0.76256204,-0.818541255,2.37929834990989e-05,7.95312250664507e-06,7.11803525364278e-05
781,-0.196790175,1.69790584,-0.232904202,-0.946828877,-0.818541255,2.37929834990989e-05,7.95312250664507e-06,7.11803525364278e-05
783,-0.196790175,-0.338914862,-0.232904202,-0.91427896,-0.818541255,2.37929834990989e-05,7.95312250664507e-06,7.11803525364278e-05
785,-0.196790175,0.545389302,-0.232904202,-1.108865839,-0.818541255,2.37929834990989e-05,7.95312250664507e-06,7.11803525364278e-05
786,-0.196790175,0.579380573,-0.232904202,-1.077403799,-0.818541255,2.37929834990989e-05,7.95312250664507e-06,7.11803525364278e-05
787,-0.196790175,0.475813419,-0.232904202,-1.018308008,-0.818541255,2.37929834990989e-05,7.95312250664507e-06,7.11803525364278e-05
788,-0.196790175,-0.445137584,-0.232904202,-0.828644397,-0.818541255,2.37929834990989e-05,7.95312250664507e-06,7.11803525364278e-05
789,-0.117785566,-0.11212935,-0.174417098,-0.534449824,-0.818541255,2.37929834990989e-05,7.95312250664507e-06,7.11803525364278e-05
791,-0.196790175,-0.99749574,-0.232904202,0.130939523,1.535766044,9.86998504294945e-05,5.0418012301983e-05,0.000193217860641869
793,-0.196790175,0.845468493,-0.232904202,0.744390106,1.535766044,9.86998504294945e-05,5.0418012301983e-05,0.000193217860641869
794,-0.196790175,-0.523742399,-0.232904202,0.93326178,1.535766044,9.86998504294945e-05,5.0418012301983e-05,0.000193217860641869
795,-0.196790175,-0.313421408,-0.232904202,1.15707102,1.535766044,9.86998504294945e-05,5.0418012301983e-05,0.000193217860641869
796,-0.196790175,1.518389439,-0.232904202,1.398736133,1.535766044,9.86998504294945e-05,5.0418012301983e-05,0.000193217860641869
806,-0.196790175,0.608060708,-0.232904202,2.327660605,-0.949336105,2.19848206027912e-05,6.85009396137151e-06,7.05584973961641e-05
807,-0.196790175,-0.021840035,0.029034472,1.982338145,-0.949336105,2.19848206027912e-05,6.85009396137151e-06,7.05584973961641e-05
808,-0.196790175,-0.287396841,0.029034472,1.639238791,-0.949336105,2.19848206027912e-05,6.85009396137151e-06,7.05584973961641e-05
809,-0.196790175,-1.635363188,-0.232904202,1.29919828,-0.949336105,2.19848206027912e-05,6.85009396137151e-06,7.05584973961641e-05
810,-0.196790175,0.004715645,5.548963809,0.963508095,-0.949336105,2.19848206027912e-05,6.85009396137151e-06,7.05584973961641e-05
811,-0.196790175,-1.529140466,10.21895019,0.634275335,-0.949336105,2.19848206027912e-05,6.85009396137151e-06,7.05584973961641e-05
812,-0.051706958,-1.393706495,-0.216506924,0.315115211,-0.949336105,2.19848206027912e-05,6.85009396137151e-06,7.05584973961641e-05
813,0.00044277,-0.606596122,-0.210658214,0.012642586,-0.949336105,2.19848206027912e-05,6.85009396137151e-06,7.05584973961641e-05
814,0.06785855,0.945317852,-0.203034002,-0.260334229,-0.818541255,2.37929834990989e-05,7.95312250664507e-06,7.11803525364278e-05
815,-0.196790175,-0.067515806,-0.232904202,-0.478598725,-0.818541255,2.37929834990989e-05,7.95312250664507e-06,7.11803525364278e-05
816,-0.196790175,2.0670298,-0.232904202,-0.598913978,-0.818541255,2.37929834990989e-05,7.95312250664507e-06,7.11803525364278e-05
820,-0.196790175,-1.35174852,-0.232904202,-0.770765514,-0.818541255,2.37929834990989e-05,7.95312250664507e-06,7.11803525364278e-05
821,-0.196790175,1.21565468,-0.232904202,-0.754452083,-0.818541255,2.37929834990989e-05,7.95312250664507e-06,7.11803525364278e-05
822,-0.196790175,0.25540127,-0.232904202,-0.668862504,-0.818541255,2.37929834990989e-05,7.95312250664507e-06,7.11803525364278e-05
824,-0.117785566,0.908139899,-0.174417098,-0.326706608,-0.818541255,2.37929834990989e-05,7.95312250664507e-06,7.11803525364278e-05
825,-0.196790175,-0.175862983,-0.232904202,-0.04780743,1.535766044,9.86998504294945e-05,5.0418012301983e-05,0.000193217860641869
827,-0.196790175,-0.124876076,-0.232904202,0.582653821,1.535766044,9.86998504294945e-05,5.0418012301983e-05,0.000193217860641869
829,-0.196790175,-0.288459069,-0.232904202,1.229285267,1.535766044,9.86998504294945e-05,5.0418012301983e-05,0.000193217860641869
831,-0.196790175,-0.077606965,-0.232904202,1.658785077,1.535766044,9.86998504294945e-05,5.0418012301983e-05,0.000193217860641869
842,-0.196790175,-1.127087462,-0.232904202,2.086084274,-0.949336105,2.19848206027912e-05,6.85009396137151e-06,7.05584973961641e-05
843,-0.196790175,0.319134903,0.549569699,1.754117022,-0.949336105,2.19848206027912e-05,6.85009396137151e-06,7.05584973961641e-05
844,-0.196790175,0.26124352,0.549569699,1.427687412,-0.949336105,2.19848206027912e-05,6.85009396137151e-06,7.05584973961641e-05
845,-0.196790175,0.306388177,-0.232904202,1.108915561,-0.949336105,2.19848206027912e-05,6.85009396137151e-06,7.05584973961641e-05
846,-0.196790175,0.593720641,7.989547112,0.801059185,-0.949336105,2.19848206027912e-05,6.85009396137151e-06,7.05584973961641e-05
847,-0.126811481,-0.638462939,-0.224966666,0.509272384,-0.949336105,2.19848206027912e-05,6.85009396137151e-06,7.05584973961641e-05
848,-0.051706958,1.371802082,-0.216506924,0.241893582,-0.949336105,2.19848206027912e-05,6.85009396137151e-06,7.05584973961641e-05
851,-0.196790175,0.074291528,-0.232904202,-0.24677423,-0.818541255,2.37929834990989e-05,7.95312250664507e-06,7.11803525364278e-05
852,-0.196790175,0.866181924,-0.232904202,-0.289459522,-0.818541255,2.37929834990989e-05,7.95312250664507e-06,7.11803525364278e-05
853,-0.196790175,-0.37396836,-0.232904202,-0.254757524,-0.818541255,2.37929834990989e-05,7.95312250664507e-06,7.11803525364278e-05
854,-0.196790175,0.481124555,-0.232904202,-0.314821633,-0.818541255,2.37929834990989e-05,7.95312250664507e-06,7.11803525364278e-05
855,-0.196790175,-0.20932314,-0.232904202,-0.421117586,-0.818541255,2.37929834990989e-05,7.95312250664507e-06,7.11803525364278e-05
856,-0.196790175,0.244778998,-0.232904202,-0.410280241,-0.818541255,2.37929834990989e-05,7.95312250664507e-06,7.11803525364278e-05
858,-0.196790175,-0.147713962,-0.232904202,-0.231079907,-0.818541255,2.37929834990989e-05,7.95312250664507e-06,7.11803525364278e-05
862,-0.196790175,-0.227912117,-0.232904202,0.742575399,1.535766044,9.86998504294945e-05,5.0418012301983e-05,0.000193217860641869
864,-0.196790175,-1.067602737,-0.232904202,1.375218323,1.535766044,9.86998504294945e-05,5.0418012301983e-05,0.000193217860641869
865,-0.196790175,1.216185794,-0.232904202,1.703961006,1.535766044,9.86998504294945e-05,5.0418012301983e-05,0.000193217860641869
866,-0.196790175,-0.889679677,-0.232904202,1.928662802,1.535766044,9.86998504294945e-05,5.0418012301983e-05,0.000193217860641869
877,-0.196790175,-0.890741904,0.549569699,2.221394246,-0.949336105,2.19848206027912e-05,6.85009396137151e-06,7.05584973961641e-05
878,-0.196790175,0.005777872,-0.232904202,1.902854412,-0.949336105,2.19848206027912e-05,6.85009396137151e-06,7.05584973961641e-05
879,-0.196790175,-0.164709597,-0.232904202,1.592429271,-0.949336105,2.19848206027912e-05,6.85009396137151e-06,7.05584973961641e-05
880,-0.196790175,0.455099988,-0.232904202,1.292878172,-0.949336105,2.19848206027912e-05,6.85009396137151e-06,7.05584973961641e-05
881,-0.196790175,-0.146651734,-0.232904202,1.008178557,-0.949336105,2.19848206027912e-05,6.85009396137151e-06,7.05584973961641e-05
882,-0.126811481,0.141211843,-0.224966666,0.744121392,-0.949336105,2.19848206027912e-05,6.85009396137151e-06,7.05584973961641e-05
883,-0.104748134,-0.176394097,-0.222460076,0.509078247,-0.818541255,2.37929834990989e-05,7.95312250664507e-06,7.11803525364278e-05
885,-0.196790175,0.834315107,-0.232904202,0.175599331,-0.818541255,2.37929834990989e-05,7.95312250664507e-06,7.11803525364278e-05
886,-0.196790175,0.141211843,-0.232904202,0.106725661,-0.818541255,2.37929834990989e-05,7.95312250664507e-06,7.11803525364278e-05
887,-0.196790175,1.458373601,-0.232904202,0.065272666,-0.818541255,2.37929834990989e-05,7.95312250664507e-06,7.11803525364278e-05
889,-0.196790175,-0.643774075,-0.232904202,0.012211696,-0.818541255,2.37929834990989e-05,7.95312250664507e-06,7.11803525364278e-05
890,-0.196790175,-0.629965121,-0.232904202,-0.068667693,-0.818541255,2.37929834990989e-05,7.95312250664507e-06,7.11803525364278e-05
894,-0.196790175,-0.223132094,-0.232904202,0.242892677,-0.818541255,2.37929834990989e-05,7.95312250664507e-06,7.11803525364278e-05
895,-0.196790175,-0.08716701,-0.232904202,0.439468277,-0.818541255,2.37929834990989e-05,7.95312250664507e-06,7.11803525364278e-05
896,-0.196790175,0.054640325,-0.232904202,0.677580919,-0.818541255,2.37929834990989e-05,7.95312250664507e-06,7.11803525364278e-05
897,-0.196790175,-1.314039453,-0.232904202,0.944869755,-0.818541255,2.37929834990989e-05,7.95312250664507e-06,7.11803525364278e-05
898,-0.196790175,-1.596060781,-0.232904202,1.232623477,1.535766044,9.86998504294945e-05,5.0418012301983e-05,0.000193217860641869
899,-0.196790175,0.212381067,-0.232904202,1.534928008,1.535766044,9.86998504294945e-05,5.0418012301983e-05,0.000193217860641869
913,-0.196790175,-0.022902263,-0.232904202,2.081172843,-0.949336105,2.19848206027912e-05,6.85009396137151e-06,7.05584973961641e-05
915,-0.196790175,-1.052731556,-0.232904202,1.508209304,-0.949336105,2.19848206027912e-05,6.85009396137151e-06,7.05584973961641e-05
917,-0.196790175,1.13917432,-0.232904202,1.008023484,-0.949336105,2.19848206027912e-05,6.85009396137151e-06,7.05584973961641e-05
918,-0.104748134,-0.011748877,-0.222460076,0.800721812,-0.818541255,2.37929834990989e-05,7.95312250664507e-06,7.11803525364278e-05
920,-0.196790175,-1.462751264,-0.232904202,0.517339725,-0.818541255,2.37929834990989e-05,7.95312250664507e-06,7.11803525364278e-05
921,-0.196790175,-0.32245034,-0.232904202,0.460829271,-0.818541255,2.37929834990989e-05,7.95312250664507e-06,7.11803525364278e-05
925,-0.196790175,0.309574858,-0.232904202,0.284874814,-0.818541255,2.37929834990989e-05,7.95312250664507e-06,7.11803525364278e-05
926,-0.196790175,-1.144614211,-0.232904202,0.291321585,-0.818541255,2.37929834990989e-05,7.95312250664507e-06,7.11803525364278e-05
928,-0.196790175,0.336661653,-0.232904202,0.445923334,-0.818541255,2.37929834990989e-05,7.95312250664507e-06,7.11803525364278e-05
930,-0.196790175,-1.077693896,-0.232904202,0.729563481,-0.818541255,2.37929834990989e-05,7.95312250664507e-06,7.11803525364278e-05
931,-0.196790175,-0.712818845,-0.232904202,0.938923716,-0.818541255,2.37929834990989e-05,7.95312250664507e-06,7.11803525364278e-05
932,-0.196790175,0.406768649,-0.232904202,1.179773217,-0.818541255,2.37929834990989e-05,7.95312250664507e-06,7.11803525364278e-05
949,-0.196790175,0.98037135,-0.232904202,2.008876916,-0.949336105,2.19848206027912e-05,6.85009396137151e-06,7.05584973961641e-05
950,-0.196790175,0.082789346,-0.232904202,1.748578198,-0.949336105,2.19848206027912e-05,6.85009396137151e-06,7.05584973961641e-05
951,-0.196790175,-0.33572818,-0.232904202,1.508080274,-0.949336105,2.19848206027912e-05,6.85009396137151e-06,7.05584973961641e-05
954,-0.196790175,0.621338548,-0.232904202,0.962879517,-0.818541255,2.37929834990989e-05,7.95312250664507e-06,7.11803525364278e-05
955,-0.196790175,0.761552542,-0.232904202,0.863119117,-0.818541255,2.37929834990989e-05,7.95312250664507e-06,7.11803525364278e-05
957,-0.196790175,2.464833895,-0.232904202,0.775118213,-0.818541255,2.37929834990989e-05,7.95312250664507e-06,7.11803525364278e-05
958,-0.196790175,-1.439382266,-0.232904202,0.79340616,-0.818541255,2.37929834990989e-05,7.95312250664507e-06,7.11803525364278e-05
959,-0.196790175,2.486609553,-0.232904202,0.693285896,-0.818541255,2.37929834990989e-05,7.95312250664507e-06,7.11803525364278e-05
960,-0.196790175,0.451382193,-0.232904202,0.638955932,-0.818541255,2.37929834990989e-05,7.95312250664507e-06,7.11803525364278e-05
961,-0.196790175,0.782797086,-0.232904202,0.644312458,-0.818541255,2.37929834990989e-05,7.95312250664507e-06,7.11803525364278e-05
964,-0.196790175,-1.546667215,-0.232904202,0.890738664,-0.818541255,2.37929834990989e-05,7.95312250664507e-06,7.11803525364278e-05
966,-0.196790175,0.454037761,-0.232904202,1.222000392,-0.818541255,2.37929834990989e-05,7.95312250664507e-06,7.11803525364278e-05
967,-0.196790175,0.118905072,-0.232904202,1.43934037,-0.818541255,2.37929834990989e-05,7.95312250664507e-06,7.11803525364278e-05
985,-0.196790175,-0.057424647,-0.232904202,2.008766826,-0.949336105,2.19848206027912e-05,6.85009396137151e-06,7.05584973961641e-05
986,-0.196790175,0.428544307,-0.232904202,1.787660116,-0.818541255,2.37929834990989e-05,7.95312250664507e-06,7.11803525364278e-05
989,-0.196790175,1.303288426,-0.232904202,1.298508146,-0.818541255,2.37929834990989e-05,7.95312250664507e-06,7.11803525364278e-05
990,-0.196790175,0.185825387,-0.232904202,1.211361919,-0.818541255,2.37929834990989e-05,7.95312250664507e-06,7.11803525364278e-05
992,-0.196790175,-0.770710228,-0.232904202,1.130125034,-0.818541255,2.37929834990989e-05,7.95312250664507e-06,7.11803525364278e-05
994,-0.196790175,0.685072182,-0.232904202,1.039947191,-0.818541255,2.37929834990989e-05,7.95312250664507e-06,7.11803525364278e-05
995,-0.196790175,-0.811074863,-0.232904202,0.993341278,-0.818541255,2.37929834990989e-05,7.95312250664507e-06,7.11803525364278e-05
999,-0.196790175,-0.426548608,-0.232904202,1.226568532,-0.818541255,2.37929834990989e-05,7.95312250664507e-06,7.11803525364278e-05
1021,-0.196790175,0.107751686,-0.232904202,2.08085086,-0.818541255,2.37929834990989e-05,7.95312250664507e-06,7.11803525364278e-05
1026,-0.196790175,0.054109211,-0.232904202,1.514080766,-0.818541255,2.37929834990989e-05,7.95312250664507e-06,7.11803525364278e-05
1027,-0.196790175,-0.077606965,-0.232904202,1.485162632,-0.818541255,2.37929834990989e-05,7.95312250664507e-06,7.11803525364278e-05
1029,-0.196790175,-1.486120263,-0.232904202,1.388704929,-0.818541255,2.37929834990989e-05,7.95312250664507e-06,7.11803525364278e-05
1030,-0.196790175,0.666483205,-0.232904202,1.347916025,-0.818541255,2.37929834990989e-05,7.95312250664507e-06,7.11803525364278e-05
1059,-0.196790175,2.559372118,-0.232904202,1.981563964,-0.818541255,2.37929834990989e-05,7.95312250664507e-06,7.11803525364278e-05
1060,-0.196790175,0.137494048,-0.232904202,1.912174174,-0.818541255,2.37929834990989e-05,7.95312250664507e-06,7.11803525364278e-05
1063,-0.196790175,0.161925274,-0.232904202,1.813599904,-0.818541255,2.37929834990989e-05,7.95312250664507e-06,7.11803525364278e-05
